timestamp,dt,angle,angle_dt,pwm,pos,pos_dt
1757460749.1679187,0.001,2.8412,-0.0795,-40.0,-0.0017,-0.3191
1757460749.2127469,0.002,2.8261,-0.1272,-40.0,-0.0066,-0.2553
1757460749.2605429,0.002,2.8121,0.114,-40.0,-0.0126,-0.3191
1757460749.2638562,0.002,2.8017,0.0935,-40.0,-0.0194,-0.3829
1757460749.309536,0.002,2.7934,-0.0118,-40.0,-0.0288,-0.5105
1757460749.3575761,0.002,2.7862,-0.0543,-40.0,-0.0392,-0.5105
1757460749.3612716,0.002,2.7774,-0.1923,-40.0,-0.0509,-0.5105
1757460749.4074352,0.002,2.7691,-0.1541,-40.0,-0.0632,-0.6381
1757460749.4549224,0.002,2.7594,-0.8254,-40.0,-0.0762,-0.5743
1757460749.4579062,0.002,2.7284,-2.0685,-40.0,-0.0886,-0.5743
1757460749.5049863,0.002,2.6913,-2.3621,-40.0,-0.1008,-0.4254
1757460749.5525496,0.002,2.6464,-1.6043,-40.0,-0.1144,-0.4254
1757460749.5566897,0.002,2.6074,-1.9767,-40.0,-0.1281,-0.5743
1757460749.6025722,0.002,2.568,-2.0942,-40.0,-0.14,-0.5743
1757460749.6502023,0.002,2.5249,-2.0987,-40.0,-0.1534,-0.6381
1757460749.6528747,0.002,2.4902,-1.7519,-40.0,-0.1671,-0.7019
1757460749.6998093,0.002,2.4698,-0.9323,-40.0,-0.1803,-0.5743
1757460749.7474966,0.002,2.4713,0.1348,-40.0,-0.1931,-0.7019
1757460749.7508209,0.002,2.4958,1.2763,-40.0,-0.207,-0.5743
1757460749.797792,0.002,2.551,2.0197,0.0,-0.2177,-0.3829
1757460749.8456664,0.002,2.6294,3.0391,0.0,-0.2231,-0.2552
1757460749.848489,0.002,2.7208,3.3252,0.0,-0.2277,-0.1276
1757460749.9058573,0.002,2.8112,3.4276,0.0,-0.2314,-0.1276
1757460749.9423826,0.002,2.8981,3.3146,0.0,-0.2342,-0.1276
1757460749.9448907,0.002,2.9653,3.0756,0.0,-0.2359,-0.1276
1757460749.9918706,0.002,3.0302,2.6928,0.0,-0.2366,0.0
1757460750.0399258,0.002,3.0767,2.0376,0.0,-0.237,0.0
1757460750.0430193,0.002,3.1044,1.441,0.0,-0.237,0.0
1757460750.0898497,0.002,3.1185,0.8365,0.0,-0.237,0.0
1757460750.1376803,0.002,3.1165,-0.0238,0.0,-0.237,0.0
1757460750.141047,0.002,3.0976,-0.8627,0.0,-0.237,0.0
1757460750.1873615,0.002,3.0652,-1.5436,0.0,-0.237,0.0
1757460750.2349083,0.002,3.0186,-2.1105,0.0,-0.237,0.0
1757460750.237831,0.002,2.9683,-2.4844,0.0,-0.237,0.0
1757460750.2845323,0.003,2.9069,-2.7978,0.0,-0.237,0.0
1757460750.3323636,0.002,2.8492,-2.8827,0.0,-0.237,0.0
1757460750.3355298,0.002,2.7882,-2.7747,0.0,-0.237,0.0
1757460750.3820083,0.002,2.7378,-2.5171,0.0,-0.237,0.0
1757460750.4295895,0.002,2.6932,-1.9836,0.0,-0.237,0.0
1757460750.4334664,0.002,2.6671,-1.3612,0.0,-0.237,0.0
1757460750.4799128,0.002,2.6507,-0.6795,0.0,-0.237,0.0
1757460750.5275338,0.002,2.6493,-0.049,0.0,-0.237,0.0
1757460750.5310745,0.002,2.6631,0.7152,0.0,-0.237,0.0
1757460750.5769835,0.002,2.6926,1.442,0.0,-0.237,0.0
1757460750.6244123,0.002,2.7309,1.9686,0.0,-0.237,0.0
1757460750.627987,0.002,2.7762,2.3178,0.0,-0.237,0.0
1757460750.674834,0.002,2.8311,2.5545,0.0,-0.237,0.0
1757460750.7226193,0.002,2.8822,2.611,0.0,-0.237,0.0
1757460750.7255483,0.002,2.9358,2.4927,0.0,-0.237,0.0
1757460750.772524,0.002,2.9787,2.219,0.0,-0.237,0.0
1757460750.8198187,0.002,3.0167,1.7712,0.0,-0.237,0.0
1757460750.8229566,0.002,3.0401,1.2266,0.0,-0.237,0.0
1757460750.8698864,0.002,3.0518,0.5538,0.0,-0.237,0.0
1757460750.9177217,0.002,3.0492,-0.057,0.0,-0.237,0.0
1757460750.9207602,0.002,3.0351,-0.6386,0.0,-0.237,0.0
1757460750.9670205,0.002,3.0072,-1.278,0.0,-0.237,0.0
1757460751.0143993,0.002,2.9718,-1.7599,0.0,-0.237,0.0
1757460751.0178187,0.002,2.9251,-2.12,0.0,-0.237,0.0
1757460751.0649242,0.002,2.8764,-2.3266,0.0,-0.237,0.0
1757460751.1124666,0.002,2.8291,-2.3854,0.0,-0.237,0.0
1757460751.1153471,0.002,2.7792,-2.2699,0.0,-0.237,0.0
1757460751.1623933,0.002,2.7386,-2.0246,0.0,-0.237,0.0
1757460751.2102232,0.002,2.685,-1.2499,0.0,-0.237,0.0
1757460751.2133832,0.002,2.6709,-0.6899,0.0,-0.237,0.0
1757460751.2599802,0.002,2.6719,0.2238,0.0,-0.237,0.0
1757460751.307501,0.001,2.7214,1.4219,0.0,-0.237,0.0
1757460751.3111105,0.002,2.7567,1.8004,0.0,-0.237,0.0
1757460751.35769,0.002,2.8179,2.1135,0.0,-0.237,0.0
1757460751.4045243,0.002,2.9163,2.0032,0.0,-0.237,0.0
1757460751.4079273,0.002,2.9485,1.7453,0.0,-0.237,0.0
1757460751.4544106,0.002,2.9859,1.1937,0.0,-0.237,0.0
1757460751.502357,0.002,3.0016,-0.0019,0.0,-0.237,0.0
1757460751.505659,0.002,2.9912,-0.4981,0.0,-0.237,0.0
1757460751.5524693,0.002,2.959,-1.1523,0.0,-0.237,0.0
1757460751.6002166,0.002,2.8804,-1.8404,0.0,-0.237,0.0
1757460751.603978,0.002,2.84,-1.938,0.0,-0.237,0.0
1757460751.6501079,0.002,2.7838,-1.868,0.0,-0.237,0.0
1757460751.6997797,0.002,2.7149,-1.2146,0.0,-0.237,0.0
1757460751.7029483,0.001,2.6997,-0.8124,0.0,-0.237,0.0
1757460751.7475646,0.002,2.6925,-0.1109,0.0,-0.237,0.0
1757460751.7952127,0.002,2.7228,0.9433,0.0,-0.237,0.0
1757460751.798894,0.002,2.7509,1.3096,0.0,-0.237,0.0
1757460751.8447793,0.002,2.7968,1.6492,0.0,-0.237,0.0
1757460751.8927038,0.002,2.8765,1.6957,0.0,-0.237,0.0
1757460751.8956044,0.002,2.9096,1.5178,0.0,-0.237,0.0
1757460751.9424312,0.002,2.9426,1.0944,0.0,-0.237,0.0
1757460751.9895957,0.002,2.963,0.1753,0.0,-0.237,0.0
1757460751.9930465,0.002,2.9577,-0.246,0.0,-0.237,0.0
1757460752.039592,0.002,2.9358,-0.8253,0.0,-0.237,0.0
1757460752.0875866,0.002,2.876,-1.418,0.0,-0.237,0.0
1757460752.0906782,0.002,2.8426,-1.5377,0.0,-0.237,0.0
1757460752.1374595,0.002,2.7988,-1.521,0.0,-0.237,0.0
1757460752.1857529,0.002,2.7402,-1.0666,0.0,-0.237,0.0
1757460752.1893113,0.002,2.7254,-0.7472,0.0,-0.237,0.0
1757460752.2349608,0.002,2.7167,-0.2003,0.0,-0.237,0.0
1757460752.282258,0.002,2.7372,0.6737,0.0,-0.237,0.0
1757460752.2858996,0.002,2.7563,0.9699,0.0,-0.237,0.0
1757460752.332409,0.002,2.7926,1.2628,0.0,-0.237,0.0
1757460752.3794646,0.002,2.8558,1.3496,0.0,-0.237,0.0
1757460752.3832157,0.002,2.8805,1.2508,0.0,-0.237,0.0
1757460752.429925,0.002,2.9101,0.9459,0.0,-0.237,0.0
1757460752.4773808,0.002,2.9303,0.236,0.0,-0.237,0.0
1757460752.4806316,0.002,2.9281,-0.0923,0.0,-0.237,0.0
1757460752.5273824,0.002,2.912,-0.5814,0.0,-0.237,0.0
1757460752.5749664,0.002,2.8666,-1.0928,0.0,-0.237,0.0
1757460752.578291,0.002,2.843,-1.189,0.0,-0.237,0.0
1757460752.6249514,0.002,2.8072,-1.2002,0.0,-0.237,0.0
1757460752.6724315,0.002,2.7611,-0.8725,0.0,-0.237,0.0
1757460752.675543,0.002,2.7485,-0.6361,0.0,-0.237,0.0
1757460752.7223854,0.002,2.7401,-0.2079,0.0,-0.237,0.0
1757460752.7699049,0.002,2.7527,0.4681,0.0,-0.237,0.0
1757460752.7729542,0.002,2.7684,0.7271,0.0,-0.237,0.0
1757460752.8198829,0.002,2.796,0.968,0.0,-0.237,0.0
1757460752.8674054,0.002,2.8437,1.0481,0.0,-0.237,0.0
1757460752.8702781,0.002,2.8647,0.9633,0.0,-0.237,0.0
1757460752.920821,0.002,2.8868,0.7335,0.0,-0.237,0.0
1757460752.9649403,0.002,2.9028,0.1883,0.0,-0.237,0.0
1757460752.9681764,0.002,2.901,-0.092,0.0,-0.237,0.0
1757460753.0144928,0.002,2.889,-0.4531,0.0,-0.237,0.0
1757460753.062046,0.002,2.8533,-0.8432,0.0,-0.237,0.0
1757460753.0654473,0.002,2.8362,-0.9086,0.0,-0.237,0.0
1757460753.1123707,0.002,2.8091,-0.9084,0.0,-0.237,0.0
1757460753.1605964,0.002,2.7743,-0.6362,0.0,-0.237,0.0
1757460753.163855,0.002,2.7659,-0.452,0.0,-0.237,0.0
1757460753.2098994,0.002,2.7605,-0.1266,0.0,-0.237,0.0
1757460753.257422,0.002,2.7724,0.3914,0.0,-0.237,0.0
1757460753.2609987,0.001,2.783,0.559,0.0,-0.237,0.0
1757460753.3073304,0.002,2.8041,0.7359,0.0,-0.237,0.0
1757460753.355283,0.002,2.8406,0.774,0.0,-0.237,0.0
1757460753.3580377,0.002,2.8558,0.7042,0.0,-0.237,0.0
1757460753.404887,0.002,2.8713,0.5134,0.0,-0.237,0.0
1757460753.4531019,0.002,2.8808,0.0829,0.0,-0.237,0.0
1757460753.455591,0.002,2.8779,-0.1356,0.0,-0.237,0.0
1757460753.5024147,0.002,2.8676,-0.3944,0.0,-0.237,0.0
1757460753.5506115,0.002,2.8394,-0.6481,0.0,-0.237,0.0
1757460753.5529106,0.002,2.8261,-0.6787,0.0,-0.237,0.0
1757460753.5994482,0.002,2.8072,-0.6445,0.0,-0.237,0.0
1757460753.6501882,0.002,2.7846,-0.4086,0.0,-0.237,0.0
1757460753.652313,0.002,2.7792,-0.2452,0.0,-0.237,0.0
1757460753.6975927,0.002,2.778,0.0038,0.0,-0.237,0.0
1757460753.7444043,0.002,2.7908,0.3622,0.0,-0.237,0.0
1757460753.7473843,0.002,2.8,0.4674,0.0,-0.237,0.0
1757460753.7948234,0.002,2.8165,0.5642,0.0,-0.237,0.0
1757460753.8424475,0.002,2.8421,0.523,0.0,-0.237,0.0
1757460753.845603,0.002,2.851,0.4497,0.0,-0.237,0.0
1757460753.8924007,0.002,2.8603,0.286,0.0,-0.237,0.0
1757460753.9399314,0.002,2.8625,-0.0478,0.0,-0.237,0.0
1757460753.9432442,0.002,2.8589,-0.181,0.0,-0.237,0.0
1757460753.989831,0.002,2.8493,-0.3459,0.0,-0.237,0.0
1757460754.0369048,0.002,2.8286,-0.478,0.0,-0.237,0.0
1757460754.0406866,0.002,2.8181,-0.4797,0.0,-0.237,0.0
1757460754.0869603,0.002,2.8054,-0.4172,0.0,-0.237,0.0
1757460754.1352794,0.002,2.7931,-0.1927,0.0,-0.237,0.0
1757460754.137844,0.002,2.7917,-0.0751,0.0,-0.237,0.0
1757460754.184875,0.002,2.7939,0.1049,0.0,-0.237,0.0
1757460754.232918,0.002,2.8062,0.3222,0.0,-0.237,0.0
1757460754.2364774,0.002,2.8145,0.3767,0.0,-0.237,0.0
1757460754.2824333,0.002,2.8264,0.3962,0.0,-0.237,0.0
1757460754.3297997,0.002,2.8417,0.3061,0.0,-0.237,0.0
1757460754.3338115,0.002,2.8466,0.2238,0.0,-0.237,0.0
1757460754.3798413,0.002,2.8498,0.0895,0.0,-0.237,0.0
1757460754.4270556,0.001,2.8464,-0.1368,0.0,-0.237,0.0
1757460754.4304485,0.002,2.8421,-0.2142,0.0,-0.237,0.0
1757460754.4772937,0.002,2.8336,-0.2989,0.0,-0.237,0.0
1757460754.5255651,0.002,2.8183,-0.3248,0.0,-0.237,0.0
1757460754.5279136,0.002,2.8127,-0.2961,0.0,-0.237,0.0
1757460754.574846,0.002,2.806,-0.2139,0.0,-0.237,0.0
1757460754.6223924,0.002,2.8022,-0.0234,0.0,-0.237,0.0
1757460754.6249218,0.002,2.8034,0.0583,0.0,-0.237,0.0
1757460754.6723285,0.002,2.8079,0.1649,0.0,-0.237,0.0
1757460754.7199636,0.002,2.819,0.2599,0.0,-0.237,0.0
1757460754.7239134,0.002,2.8248,0.2621,0.0,-0.237,0.0
1757460754.7699134,0.002,2.8316,0.2342,0.0,-0.237,0.0
1757460754.8173268,0.002,2.8388,0.1178,0.0,-0.237,0.0
1757460754.820986,0.002,2.8399,0.047,0.0,-0.237,0.0
1757460754.8676782,0.002,2.8389,-0.0478,0.0,-0.237,0.0
1757460754.9151802,0.002,2.8322,-0.1743,0.0,-0.237,0.0
1757460754.9187593,0.002,2.8282,-0.2018,0.0,-0.237,0.0
1757460754.9654424,0.002,2.8223,-0.2196,0.0,-0.237,0.0
1757460755.0119607,0.002,2.8135,-0.1615,0.0,-0.237,0.0
1757460755.0155518,0.002,2.811,-0.1166,0.0,-0.237,0.0
1757460755.0620322,0.002,2.8095,-0.0484,0.0,-0.237,0.0
1757460755.110417,0.002,2.8119,0.086,0.0,-0.237,0.0
1757460755.1130438,0.002,2.8148,0.1281,0.0,-0.237,0.0
1757460755.1598089,0.002,2.8194,0.1633,0.0,-0.237,0.0
1757460755.2078452,0.002,2.8271,0.1577,0.0,-0.237,0.0
1757460755.21004,0.002,2.83,0.136,0.0,-0.237,0.0
1757460755.2573605,0.002,2.8326,0.0807,0.0,-0.237,0.0
1757460755.3048449,0.002,2.8328,-0.0237,0.0,-0.237,0.0
1757460755.3086512,0.002,2.8316,-0.0618,0.0,-0.237,0.0
1757460755.3548923,0.002,2.8285,-0.1096,0.0,-0.237,0.0
1757460755.4029412,0.002,2.8222,-0.1422,0.0,-0.237,0.0
1757460755.4054701,0.002,2.8197,-0.1337,0.0,-0.237,0.0
1757460755.4524643,0.002,2.8166,-0.1029,0.0,-0.237,0.0
1757460755.5009415,0.002,2.8145,-0.0231,0.0,-0.237,0.0
1757460755.504108,0.002,2.8147,0.0131,0.0,-0.237,0.0
1757460755.549769,0.002,2.8163,0.057,0.0,-0.237,0.0
1757460755.5982816,0.002,2.8209,0.105,0.0,-0.237,0.0
1757460755.6022906,0.002,2.8231,0.1088,0.0,-0.237,0.0
1757460755.6473663,0.002,2.8261,0.0964,0.0,-0.237,0.0
1757460755.6947832,0.002,2.829,0.0422,0.0,-0.237,0.0
1757460755.69891,0.002,2.8293,0.0162,0.0,-0.237,0.0
1757460755.7447119,0.002,2.8287,-0.0266,0.0,-0.237,0.0
1757460755.7921119,0.002,2.8262,-0.076,0.0,-0.237,0.0
1757460755.7952244,0.002,2.8243,-0.0845,0.0,-0.237,0.0
1757460755.8424344,0.002,2.8216,-0.0847,0.0,-0.237,0.0
1757460755.8900979,0.002,2.8187,-0.0548,0.0,-0.237,0.0
1757460755.894001,0.002,2.8181,-0.0303,0.0,-0.237,0.0
1757460755.9394534,0.002,2.818,0.0017,0.0,-0.237,0.0
1757460755.98692,0.002,2.8197,0.0498,0.0,-0.237,0.0
1757460755.990131,0.002,2.821,0.0623,0.0,-0.237,0.0
1757460756.0371342,0.002,2.8229,0.0676,0.0,-0.237,0.0
1757460756.084732,0.002,2.8257,0.0543,0.0,-0.237,0.0
1757460756.088657,0.002,2.8264,0.0355,0.0,-0.237,0.0
1757460756.1348262,0.002,2.8268,0.0098,0.0,-0.237,0.0
1757460756.1823232,0.002,2.8258,-0.0346,0.0,-0.237,0.0
1757460756.185102,0.002,2.825,-0.047,0.0,-0.237,0.0
1757460756.2324555,0.002,2.8235,-0.0556,0.0,-0.237,0.0
1757460756.2797492,0.002,2.821,-0.0468,0.0,-0.237,0.0
1757460756.2834105,0.002,2.8204,-0.0382,0.0,-0.237,0.0
1757460756.3298318,0.002,2.8199,-0.0174,0.0,-0.237,0.0
1757460756.3773677,0.002,2.8203,0.0185,0.0,-0.237,0.0
1757460756.381217,0.001,2.8208,0.0283,0.0,-0.237,0.0
1757460756.427272,0.002,2.8219,0.0388,0.0,-0.237,0.0
1757460756.4748561,0.002,2.824,0.0396,0.0,-0.237,0.0
1757460756.477893,0.002,2.8247,0.0355,0.0,-0.237,0.0
1757460756.5249238,0.002,2.8252,0.0177,0.0,-0.237,0.0
1757460756.5724432,0.002,2.8251,-0.0123,0.0,-0.237,0.0
1757460756.5765076,0.002,2.8247,-0.0194,0.0,-0.237,0.0
1757460756.6230714,0.002,2.8239,-0.0298,0.0,-0.237,0.0
1757460756.670033,0.002,2.8223,-0.0355,0.0,-0.237,0.0
1757460756.67398,0.002,2.8217,-0.03,0.0,-0.237,0.0
1757460756.7195477,0.002,2.8211,-0.0182,0.0,-0.237,0.0
1757460756.7671874,0.002,2.8209,0.0053,0.0,-0.237,0.0
1757460756.7707705,0.002,2.8211,0.0127,0.0,-0.237,0.0
1757460756.8176417,0.002,2.8217,0.0247,0.0,-0.237,0.0
1757460756.8652132,0.002,2.8229,0.0266,0.0,-0.237,0.0
1757460756.8677843,0.002,2.8235,0.0248,0.0,-0.237,0.0
1757460756.9147675,0.001,2.824,0.0135,0.0,-0.237,0.0
1757460756.9633803,0.002,2.8242,-0.003,0.0,-0.237,0.0
1757460756.966931,0.002,2.824,-0.0119,0.0,-0.237,0.0
1757460757.012218,0.002,2.8235,-0.0169,0.0,-0.237,0.0
1757460757.0597277,0.002,2.8225,-0.0243,0.0,-0.237,0.0
1757460757.0624986,0.002,2.822,-0.0243,0.0,-0.237,0.0
1757460757.1094663,0.002,2.8215,-0.0149,0.0,-0.237,0.0
1757460757.1568968,0.002,2.8213,-0.0045,0.0,-0.237,0.0
1757460757.1603637,0.002,2.8214,0.0041,0.0,-0.237,0.0
1757460757.207348,0.002,2.822,0.0131,0.0,-0.237,0.0
1757460757.255227,0.002,2.8227,0.0192,0.0,-0.237,0.0
1757460757.2583158,0.002,2.8231,0.0131,0.0,-0.237,0.0
1757460757.304863,0.002,2.8235,0.0113,0.0,-0.237,0.0
1757460757.3525684,0.002,2.8236,-0.0013,0.0,-0.237,0.0
1757460757.3570676,0.002,2.8235,-0.0053,0.0,-0.237,0.0
1757460757.4025717,0.002,2.8232,-0.0122,0.0,-0.237,0.0
1757460757.4494252,0.002,2.8225,-0.0169,0.0,-0.237,0.0
1757460757.4532332,0.002,2.8223,-0.0181,0.0,-0.237,0.0
1757460757.4994233,0.002,2.8219,-0.0113,0.0,-0.237,0.0
1757460757.5469851,0.002,2.8217,-0.001,0.0,-0.237,0.0
1757460757.550411,0.002,2.8218,0.0037,0.0,-0.237,0.0
1757460757.5968883,0.002,2.8219,0.0053,0.0,-0.237,0.0
1757460757.6450434,0.002,2.8224,0.0113,0.0,-0.237,0.0
1757460757.6486897,0.002,2.8226,0.009,0.0,-0.237,0.0
1757460757.6948216,0.002,2.8229,0.0098,0.0,-0.237,0.0
1757460757.7423396,0.002,2.8231,-0.0003,0.0,-0.237,0.0
1757460757.7464406,0.002,2.823,-0.0067,0.0,-0.237,0.0
1757460757.792613,0.002,2.8228,-0.0074,0.0,-0.237,0.0
1757460757.8397827,0.002,2.8223,-0.0129,0.0,-0.237,0.0
1757460757.8433778,0.002,2.8222,-0.0109,0.0,-0.237,0.0
1757460757.8898022,0.002,2.8219,-0.0079,0.0,-0.237,0.0
1757460757.9370973,0.002,2.8218,-0.0021,0.0,-0.237,0.0
1757460757.9414766,0.002,2.8218,0.0021,0.0,-0.237,0.0
1757460757.9868796,0.002,2.822,0.0042,0.0,-0.237,0.0
1757460758.034456,0.002,2.8224,0.0082,0.0,-0.237,0.0
1757460758.0383701,0.002,2.8225,0.0067,0.0,-0.237,0.0
1757460758.0845795,0.002,2.8227,0.0015,0.0,-0.237,0.0
1757460758.132356,0.002,2.8228,-0.0019,0.0,-0.237,0.0
1757460758.13609,0.002,2.8227,-0.0039,0.0,-0.237,0.0
1757460758.182356,0.002,2.8226,-0.0069,0.0,-0.237,0.0
1757460758.229827,0.002,2.8223,-0.0085,0.0,-0.237,0.0
1757460758.2333753,0.002,2.8221,-0.0065,0.0,-0.237,0.0
1757460758.2797425,0.002,2.822,-0.0071,0.0,-0.237,0.0
1757460758.3274553,0.002,2.822,-0.0005,0.0,-0.237,0.0
1757460758.3304043,0.002,2.822,0.0001,0.0,-0.237,0.0
1757460758.3773184,0.002,2.8222,0.0057,0.0,-0.237,0.0
1757460758.4249299,0.002,2.8225,0.005,0.0,-0.237,0.0
1757460758.4288223,0.002,2.8225,0.0039,0.0,-0.237,0.0
1757460758.4747744,0.002,2.8226,0.0033,0.0,-0.237,0.0
1757460758.5223699,0.002,2.8228,-0.0003,0.0,-0.237,0.0
1757460758.5253508,0.002,2.8228,-0.0037,0.0,-0.237,0.0
1757460758.57244,0.002,2.8227,-0.0075,0.0,-0.237,0.0
1757460758.6198435,0.002,2.8226,-0.005,0.0,-0.237,0.0
1757460758.6240854,0.002,2.8226,-0.0073,0.0,-0.237,0.0
1757460758.6697946,0.002,2.8225,-0.0043,0.0,-0.237,0.0
1757460758.717537,0.002,2.8225,-0.0015,0.0,-0.237,0.0
1757460758.720122,0.002,2.8225,0.0013,0.0,-0.237,0.0
1757460758.7672486,0.002,2.8226,0.0021,0.0,-0.237,0.0
1757460758.814911,0.002,2.8228,0.0006,0.0,-0.237,0.0
1757460758.8182278,0.002,2.8228,0.0022,0.0,-0.237,0.0
1757460758.8649702,0.002,2.8229,0.0027,0.0,-0.237,0.0
1757460758.9125102,0.002,2.8229,-0.0011,0.0,-0.237,0.0
1757460758.9157116,0.002,2.823,-0.0029,0.0,-0.237,0.0
1757460758.9728234,0.002,2.8229,-0.0027,0.0,-0.237,0.0
1757460759.0099287,0.002,2.8228,-0.0035,0.0,-0.237,0.0
1757460759.012771,0.002,2.8227,-0.0059,0.0,-0.237,0.0
1757460759.0596902,0.002,2.8227,-0.0047,0.0,-0.237,0.0
1757460759.1078086,0.001,2.8227,0.0006,0.0,-0.237,0.0
1757460759.11062,0.002,2.8227,-0.001,0.0,-0.237,0.0
1757460759.1574585,0.002,2.8228,0.0019,0.0,-0.237,0.0
1757460759.205034,0.002,2.823,0.0021,0.0,-0.237,0.0
1757460759.208267,0.002,2.8231,0.0019,0.0,-0.237,0.0
1757460759.2543864,0.002,2.8231,-0.003,0.0,-0.237,0.0
1757460759.3020756,0.002,2.823,-0.0029,0.0,-0.237,0.0
1757460759.3049679,0.002,2.823,-0.0043,0.0,-0.237,0.0
1757460759.3518233,0.002,2.8228,-0.0037,0.0,-0.237,0.0
1757460759.3993726,0.002,2.8227,-0.005,0.0,-0.237,0.0
1757460759.403077,0.002,2.8226,-0.0035,0.0,-0.237,0.0
1757460759.450013,0.002,2.8226,-0.0009,0.0,-0.237,0.0
1757460759.4978547,0.002,2.8226,0.0001,0.0,-0.237,0.0
1757460759.5005858,0.002,2.8227,-0.001,0.0,-0.237,0.0
1757460759.5472841,0.002,2.8227,0.0018,0.0,-0.237,0.0
1757460759.5952592,0.002,2.8228,-0.003,0.0,-0.237,0.0
1757460759.5977254,0.002,2.8228,-0.0005,0.0,-0.237,0.0
1757460759.6448054,0.002,2.8228,0.0001,0.0,-0.237,0.0
1757460759.6925588,0.002,2.8227,-0.0002,0.0,-0.237,0.0
1757460759.6972845,0.002,2.8226,-0.0021,0.0,-0.237,0.0
1757460759.7418876,0.002,2.8226,-0.0017,0.0,-0.237,0.0
1757460759.789983,0.002,2.8227,-0.0026,0.0,-0.237,0.0
1757460759.7926195,0.002,2.8227,-0.003,0.0,-0.237,0.0
1757460759.8398063,0.002,2.8226,-0.0015,0.0,-0.237,0.0
1757460759.8872406,0.002,2.8226,-0.001,0.0,-0.237,0.0
1757460759.8902528,0.002,2.8227,-0.0017,0.0,-0.237,0.0
1757460759.9374046,0.002,2.8226,-0.0031,0.0,-0.237,0.0
1757460759.9851124,0.002,2.8227,-0.0014,0.0,-0.237,0.0
1757460759.9882896,0.002,2.8227,0.0009,0.0,-0.237,0.0
1757460760.034397,0.002,2.8227,-0.0005,0.0,-0.237,0.0
1757460760.0818424,0.002,2.8226,-0.0051,0.0,-0.237,0.0
1757460760.0847895,0.002,2.8226,-0.0037,0.0,-0.237,0.0
1757460760.132427,0.002,2.8225,-0.0013,0.0,-0.237,0.0
1757460760.179839,0.002,2.8225,-0.0023,0.0,-0.237,0.0
1757460760.1824484,0.002,2.8225,-0.0023,0.0,-0.237,0.0
1757460760.229849,0.002,2.8226,-0.0045,0.0,-0.237,0.0
1757460760.277528,0.002,2.8227,-0.0029,40.0,-0.2369,0.0638
1757460760.2810838,0.002,2.8397,0.0643,40.0,-0.233,0.2553
1757460760.3269515,0.002,2.8627,-0.0143,40.0,-0.2249,0.3191
1757460760.3744931,0.002,2.8785,-0.2263,40.0,-0.2064,0.5105
1757460760.3778632,0.002,2.8622,-1.3634,-40.0,-0.2036,-0.1914
1757460760.4249392,0.002,2.8194,-0.0831,-40.0,-0.2071,-0.1914
1757460760.4723423,0.002,2.7945,0.5043,-40.0,-0.2168,-0.3191
1757460760.4758432,0.002,2.7985,0.9761,0.0,-0.2221,-0.1276
1757460760.5224197,0.002,2.8335,0.6409,0.0,-0.2248,-0.1276
1757460760.5699453,0.002,2.8689,0.1798,0.0,-0.2278,0.0
1757460760.5734262,0.002,2.873,-0.0041,0.0,-0.2278,0.0
1757460760.6198287,0.002,2.8674,-0.2059,0.0,-0.2278,0.0
1757460760.66728,0.002,2.8479,-0.4388,0.0,-0.2278,0.0
1757460760.6708534,0.002,2.8389,-0.4833,0.0,-0.2278,0.0
1757460760.7173762,0.002,2.8263,-0.4385,0.0,-0.2278,0.0
1757460760.7649376,0.002,2.8077,-0.3112,0.0,-0.2278,0.0
1757460760.7678545,0.002,2.8034,-0.2087,0.0,-0.2278,0.0
1757460760.8148322,0.002,2.8006,-0.0712,0.0,-0.2278,0.0
1757460760.8633246,0.002,2.8061,0.1959,0.0,-0.2278,0.0
1757460760.865658,0.002,2.8113,0.2744,0.0,-0.2278,0.0
1757460760.9123552,0.002,2.8213,0.3514,0.0,-0.2278,0.0
1757460760.9598026,0.002,2.8384,0.3582,0.0,-0.2278,0.0
1757460760.9639254,0.002,2.8443,0.3154,0.0,-0.2278,0.0
1757460761.0099509,0.002,2.8508,0.2102,0.0,-0.2278,0.0
1757460761.0571399,0.002,2.8529,-0.0167,0.0,-0.2278,0.0
1757460761.0608048,0.002,2.8503,-0.1184,0.0,-0.2278,0.0
1757460761.1071641,0.002,2.8437,-0.2278,0.0,-0.2278,0.0
1757460761.155363,0.002,2.8296,-0.3049,0.0,-0.2278,0.0
1757460761.1583405,0.002,2.824,-0.2934,0.0,-0.2278,0.0
1757460761.2049463,0.002,2.8165,-0.2398,0.0,-0.2278,0.0
1757460761.2526088,0.002,2.8099,-0.0936,0.0,-0.2278,0.0
1757460761.2555451,0.001,2.8095,-0.0147,0.0,-0.2278,0.0
1757460761.3025365,0.002,2.8117,0.0921,0.0,-0.2278,0.0
1757460761.3499596,0.002,2.8199,0.2079,0.0,-0.2278,0.0
1757460761.3532698,0.002,2.8249,0.2346,0.0,-0.2278,0.0
1757460761.3997884,0.002,2.8317,0.232,0.0,-0.2278,0.0
1757460761.447456,0.002,2.8401,0.1539,0.0,-0.2278,0.0
1757460761.4508164,0.002,2.842,0.0893,0.0,-0.2278,0.0
1757460761.497407,0.002,2.8421,-0.0038,0.0,-0.2278,0.0
1757460761.5450554,0.002,2.8372,-0.1344,0.0,-0.2278,0.0
1757460761.5483944,0.002,2.8335,-0.1739,0.0,-0.2278,0.0
1757460761.5948653,0.002,2.8279,-0.1961,0.0,-0.2278,0.0
1757460761.6425612,0.002,2.8198,-0.1549,0.0,-0.2278,0.0
1757460761.6453464,0.002,2.8174,-0.1158,0.0,-0.2278,0.0
1757460761.6924138,0.002,2.8157,-0.0503,0.0,-0.2278,0.0
1757460761.739786,0.002,2.8171,0.0596,0.0,-0.2278,0.0
1757460761.838791,0.002,2.8191,0.1015,0.0,-0.2278,0.0
1757460761.886467,0.001,2.8229,0.1393,0.0,-0.2278,0.0
1757460761.8889265,0.002,2.8299,0.1452,0.0,-0.2278,0.0
1757460761.9361618,0.002,2.8325,0.1293,0.0,-0.2278,0.0
1757460761.9882512,0.002,2.8351,0.0805,0.0,-0.2278,0.0
1757460761.991147,0.002,2.8355,-0.0143,0.0,-0.2278,0.0
1757460762.033835,0.002,2.8343,-0.0582,0.0,-0.2278,0.0
1757460762.080687,0.002,2.8315,-0.1031,0.0,-0.2278,0.0
1757460762.084102,0.002,2.8259,-0.1241,0.0,-0.2278,0.0
1757460762.130761,0.002,2.8234,-0.1136,0.0,-0.2278,0.0
1757460762.1789124,0.002,2.8208,-0.0824,0.0,-0.2278,0.0
1757460762.181525,0.002,2.8194,-0.0126,0.0,-0.2278,0.0
1757460762.228724,0.002,2.8198,0.0208,0.0,-0.2278,0.0
1757460762.2763853,0.002,2.8214,0.0586,0.0,-0.2278,0.0
1757460762.27982,0.002,2.8254,0.0941,0.0,-0.2278,0.0
1757460762.326175,0.002,2.8276,0.0965,0.0,-0.2278,0.0
1757460762.3736205,0.002,2.83,0.0784,0.0,-0.2278,0.0
1757460762.3770125,0.002,2.8317,0.0232,0.0,-0.2278,0.0
1757460762.4237015,0.002,2.8317,-0.0007,0.0,-0.2278,0.0
1757460762.4714386,0.002,2.8307,-0.0406,0.0,-0.2278,0.0
1757460762.4748945,0.002,2.8276,-0.076,0.0,-0.2278,0.0
1757460762.5211608,0.002,2.826,-0.0781,0.0,-0.2278,0.0
1757460762.568669,0.002,2.8239,-0.0713,0.0,-0.2278,0.0
1757460762.5717921,0.002,2.8219,0.0182,0.0,-0.2278,0.0
1757460762.6188333,0.002,2.8243,0.0515,0.0,-0.2278,0.0
1757460762.6663415,0.002,2.8272,0.0592,0.0,-0.2278,0.0
1757460762.669519,0.002,2.8282,0.0524,0.0,-0.2278,0.0
1757460762.7161603,0.001,2.8291,0.0286,0.0,-0.2278,0.0
1757460762.7636733,0.002,2.8292,-0.0113,0.0,-0.2278,0.0
1757460762.7669258,0.002,2.8286,-0.0258,0.0,-0.2278,0.0
1757460762.8136532,0.002,2.8274,-0.0418,0.0,-0.2278,0.0
1757460762.8612788,0.002,2.8251,-0.0531,0.0,-0.2278,0.0
1757460762.8644207,0.002,2.8241,-0.0435,0.0,-0.2278,0.0
1757460762.9113643,0.002,2.8233,-0.0272,0.0,-0.2278,0.0
1757460762.9588006,0.002,2.8232,0.0033,0.0,-0.2278,0.0
1757460762.9627082,0.002,2.8235,0.0143,0.0,-0.2278,0.0
1757460763.010539,0.002,2.8244,0.0316,0.0,-0.2278,0.0
1757460763.0559852,0.002,2.826,0.0372,0.0,-0.2278,0.0
1757460763.0590327,0.002,2.8267,0.0331,0.0,-0.2278,0.0
1757460763.105625,0.002,2.8275,0.0227,0.0,-0.2278,0.0
1757460763.153674,0.002,2.8278,-0.0042,0.0,-0.2278,0.0
1757460763.1571558,0.002,2.8275,-0.0169,0.0,-0.2278,0.0
1757460763.203646,0.002,2.8268,-0.0282,0.0,-0.2278,0.0
1757460763.251175,0.002,2.8252,-0.0318,0.0,-0.2278,0.0
1757460763.2552967,0.002,2.8247,-0.0288,0.0,-0.2278,0.0
1757460763.301264,0.002,2.824,-0.0205,0.0,-0.2278,0.0
1757460763.3489451,0.002,2.8237,-0.0003,0.0,-0.2278,0.0
1757460763.3519368,0.002,2.8239,0.0106,0.0,-0.2278,0.0
1757460763.3981364,0.002,2.8244,0.0214,0.0,-0.2278,0.0
1757460763.445634,0.002,2.8255,0.024,0.0,-0.2278,0.0
1757460763.4488444,0.002,2.826,0.02,0.0,-0.2278,0.0
1757460763.4961696,0.002,2.8265,0.0167,0.0,-0.2278,0.0
1757460763.5436852,0.002,2.8269,-0.0015,0.0,-0.2278,0.0
1757460763.5469382,0.002,2.8267,-0.0089,0.0,-0.2278,0.0
1757460763.5936875,0.002,2.8262,-0.0181,0.0,-0.2278,0.0
1757460763.64127,0.002,2.8252,-0.0219,0.0,-0.2278,0.0
1757460763.6456022,0.002,2.8249,-0.0219,0.0,-0.2278,0.0
1757460763.6912234,0.002,2.8246,-0.0145,0.0,-0.2278,0.0
1757460763.7394369,0.002,2.8243,-0.0023,0.0,-0.2278,0.0
1757460763.7422926,0.002,2.8245,0.0033,0.0,-0.2278,0.0
1757460763.7886534,0.002,2.8248,0.0129,0.0,-0.2278,0.0
1757460763.8362536,0.002,2.8256,0.0159,0.0,-0.2278,0.0
1757460763.8405504,0.002,2.8259,0.015,0.0,-0.2278,0.0
1757460763.8861022,0.002,2.8263,0.0078,0.0,-0.2278,0.0
1757460763.9335945,0.002,2.8262,-0.0035,0.0,-0.2278,0.0
1757460763.9377377,0.001,2.8261,-0.0065,0.0,-0.2278,0.0
1757460763.9838443,0.002,2.8258,-0.015,0.0,-0.2278,0.0
1757460764.0312848,0.002,2.8252,-0.0146,0.0,-0.2278,0.0
1757460764.0352197,0.002,2.8249,-0.0147,0.0,-0.2278,0.0
1757460764.0807347,0.002,2.8247,-0.0115,0.0,-0.2278,0.0
1757460764.1282716,0.002,2.8247,0.0005,0.0,-0.2278,0.0
1757460764.1314223,0.002,2.8249,0.0021,0.0,-0.2278,0.0
1757460764.1786416,0.002,2.8251,0.0081,0.0,-0.2278,0.0
1757460764.2266235,0.002,2.8256,0.0099,0.0,-0.2278,0.0
1757460764.2291958,0.002,2.8258,0.0066,0.0,-0.2278,0.0
1757460764.2762089,0.002,2.826,0.0059,0.0,-0.2278,0.0
1757460764.3237884,0.002,2.826,-0.0023,0.0,-0.2278,0.0
1757460764.3272126,0.002,2.8259,-0.0042,0.0,-0.2278,0.0
1757460764.373642,0.002,2.8257,-0.0074,0.0,-0.2278,0.0
1757460764.421407,0.002,2.8252,-0.011,0.0,-0.2278,0.0
1757460764.4254546,0.002,2.8251,-0.0069,0.0,-0.2278,0.0
1757460764.471224,0.002,2.825,-0.0023,0.0,-0.2278,0.0
1757460764.5186248,0.002,2.8251,0.003,0.0,-0.2278,0.0
1757460764.5221632,0.002,2.8251,0.0053,0.0,-0.2278,0.0
1757460764.5685496,0.001,2.8254,0.0053,0.0,-0.2278,0.0
1757460764.615868,0.002,2.8259,0.0043,0.0,-0.2278,0.0
1757460764.6184769,0.002,2.826,0.0033,0.0,-0.2278,0.0
1757460764.6656015,0.002,2.8261,0.0033,0.0,-0.2278,0.0
1757460764.713701,0.002,2.826,-0.0062,0.0,-0.2278,0.0
1757460764.7170036,0.002,2.8259,-0.0063,0.0,-0.2278,0.0
1757460764.7652063,0.002,2.8257,-0.0071,0.0,-0.2278,0.0
1757460764.8119652,0.002,2.8254,-0.0051,0.0,-0.2278,0.0
1757460764.8151624,0.002,2.8252,-0.0021,0.0,-0.2278,0.0
1757460764.8617666,0.002,2.8253,0.0029,0.0,-0.2278,0.0
1757460764.9094322,0.002,2.8254,0.0025,0.0,-0.2278,0.0
1757460764.9129424,0.002,2.8256,0.0061,0.0,-0.2278,0.0
1757460764.9592886,0.002,2.8258,0.0027,0.0,-0.2278,0.0
1757460765.0070183,0.002,2.8258,0.0038,0.0,-0.2278,0.0
1757460765.0227098,0.002,2.8258,-0.0015,0.0,-0.2278,0.0
1757460765.0568078,0.002,2.8256,-0.005,0.0,-0.2278,0.0
1757460765.1037874,0.002,2.8254,-0.0065,0.0,-0.2278,0.0
1757460765.1071856,0.002,2.8252,-0.0043,0.0,-0.2278,0.0
1757460765.1537828,0.002,2.8252,-0.0079,0.0,-0.2278,0.0
1757460765.2018526,0.002,2.8251,-0.0021,0.0,-0.2278,0.0
1757460765.2053194,0.002,2.8251,-0.0017,0.0,-0.2278,0.0
1757460765.25181,0.002,2.8251,-0.0015,0.0,-0.2278,0.0
1757460765.2993467,0.002,2.8252,0.0014,0.0,-0.2278,0.0
1757460765.302632,0.002,2.8254,0.0034,0.0,-0.2278,0.0
1757460765.349319,0.002,2.8256,0.0001,0.0,-0.2278,0.0
1757460765.3969908,0.002,2.8255,0.0003,0.0,-0.2278,0.0
1757460765.4003592,0.002,2.8254,-0.0019,0.0,-0.2278,0.0
1757460765.4468114,0.002,2.8253,-0.0063,0.0,-0.2278,0.0
1757460765.4942884,0.002,2.8253,-0.0079,0.0,-0.2278,0.0
1757460765.4985385,0.002,2.8253,-0.0049,0.0,-0.2278,0.0
1757460765.5443692,0.002,2.8251,-0.0031,0.0,-0.2278,0.0
1757460765.5918162,0.002,2.8251,-0.0023,0.0,-0.2278,0.0
1757460765.5954053,0.002,2.8251,0.0007,0.0,-0.2278,0.0
1757460765.6417809,0.002,2.8251,0.0002,0.0,-0.2278,0.0
1757460765.689629,0.002,2.8252,-0.0001,0.0,-0.2278,0.0
1757460765.6932755,0.002,2.8253,0.0009,0.0,-0.2278,0.0
1757460765.73888,0.002,2.8253,-0.0023,0.0,-0.2278,0.0
1757460765.7864628,0.002,2.8253,-0.0003,0.0,-0.2278,0.0
1757460765.7895117,0.002,2.8252,-0.0037,0.0,-0.2278,0.0
1757460765.8363671,0.002,2.8252,-0.0011,0.0,-0.2278,0.0
1757460765.8839371,0.002,2.8252,-0.0014,0.0,-0.2278,0.0
1757460765.8869636,0.002,2.8251,-0.0023,0.0,-0.2278,0.0
1757460765.934399,0.002,2.8251,-0.0006,0.0,-0.2278,0.0
1757460765.9818397,0.002,2.8251,-0.0031,0.0,-0.2278,0.0
1757460765.9852314,0.002,2.8252,0.0017,0.0,-0.2278,0.0
1757460766.0321822,0.002,2.8253,-0.0009,0.0,-0.2278,0.0
1757460766.0794077,0.002,2.8254,-0.0001,0.0,-0.2278,0.0
1757460766.0829632,0.002,2.8255,-0.0015,0.0,-0.2278,0.0
1757460766.1289,0.002,2.8255,-0.0019,0.0,-0.2278,0.0
1757460766.176343,0.002,2.8255,-0.0041,0.0,-0.2278,0.0
1757460766.179713,0.002,2.8255,-0.0013,0.0,-0.2278,0.0
1757460766.2269094,0.002,2.8255,-0.001,0.0,-0.2278,0.0
1757460766.2744524,0.002,2.8254,-0.0026,0.0,-0.2278,0.0
1757460766.277935,0.002,2.8253,-0.0013,0.0,-0.2278,0.0
1757460766.3247397,0.002,2.8252,0.0017,0.0,-0.2278,0.0
1757460766.3723836,0.002,2.8252,-0.0011,0.0,-0.2278,0.0
1757460766.3757017,0.002,2.8252,-0.0005,0.0,-0.2278,0.0
1757460766.4217727,0.002,2.8252,0.0009,0.0,-0.2278,0.0
1757460766.4695413,0.002,2.8252,-0.0013,0.0,-0.2278,0.0
1757460766.4739633,0.002,2.8252,-0.0021,0.0,-0.2278,0.0
1757460766.5193253,0.002,2.8251,-0.0018,0.0,-0.2278,0.0
1757460766.5671933,0.002,2.8251,-0.0025,0.0,-0.2278,0.0
1757460766.5710766,0.002,2.8251,-0.0029,0.0,-0.2278,0.0
1757460766.6168263,0.002,2.825,-0.0061,0.0,-0.2278,0.0
1757460766.6643975,0.002,2.8249,-0.0015,0.0,-0.2278,0.0
1757460766.6679075,0.002,2.825,-0.0026,0.0,-0.2278,0.0
1757460766.714247,0.002,2.825,0.0002,0.0,-0.2278,0.0
1757460766.7618945,0.002,2.825,-0.0022,0.0,-0.2278,0.0
1757460766.7653487,0.002,2.8251,-0.0009,0.0,-0.2278,0.0
1757460766.8117726,0.002,2.8252,0.0031,0.0,-0.2278,0.0
1757460766.8592424,0.002,2.8253,-0.0033,0.0,-0.2278,0.0
1757460766.8631182,0.002,2.8253,-0.0005,0.0,-0.2278,0.0
1757460766.9095523,0.002,2.8253,0.0005,0.0,-0.2278,0.0
1757460766.9563942,0.002,2.8253,-0.0038,0.0,-0.2278,0.0
1757460766.9601352,0.002,2.8252,-0.0005,0.0,-0.2278,0.0
1757460767.0063515,0.002,2.8251,-0.001,0.0,-0.2278,0.0
1757460767.0542889,0.002,2.8251,-0.0007,0.0,-0.2278,0.0
1757460767.0581613,0.002,2.8251,-0.0022,0.0,-0.2278,0.0
1757460767.1048372,0.002,2.8251,-0.0027,0.0,-0.2278,0.0
1757460767.1514585,0.002,2.8251,-0.0007,0.0,-0.2278,0.0
1757460767.1555731,0.002,2.8252,-0.0002,0.0,-0.2278,0.0
1757460767.201352,0.002,2.8252,-0.0031,0.0,-0.2278,0.0
1757460767.2494752,0.002,2.8252,-0.0034,0.0,-0.2278,0.0
1757460767.25366,0.002,2.8251,-0.0017,0.0,-0.2278,0.0
1757460767.2992349,0.002,2.8252,-0.001,0.0,-0.2278,0.0
1757460767.3467622,0.002,2.8253,-0.0023,0.0,-0.2278,0.0
1757460767.3503494,0.002,2.8253,-0.0041,0.0,-0.2278,0.0
1757460767.396766,0.002,2.8252,-0.0027,0.0,-0.2278,0.0
1757460767.4443822,0.002,2.8252,0.0006,0.0,-0.2278,0.0
1757460767.447863,0.002,2.8251,-0.0002,0.0,-0.2278,0.0
1757460767.4942482,0.002,2.8251,-0.0014,0.0,-0.2278,0.0
1757460767.54178,0.002,2.8253,-0.0023,0.0,-0.2278,0.0
1757460767.5453167,0.002,2.8252,-0.0026,0.0,-0.2278,0.0
1757460767.5917277,0.002,2.8252,-0.0017,0.0,-0.2278,0.0
1757460767.6392627,0.002,2.8252,0.0003,0.0,-0.2278,0.0
1757460767.6433423,0.002,2.8252,-0.0014,0.0,-0.2278,0.0
1757460767.6893034,0.002,2.8251,-0.0025,0.0,-0.2278,0.0
1757460767.737042,0.002,2.8251,-0.0022,0.0,-0.2278,0.0
1757460767.7410655,0.002,2.8251,-0.0007,0.0,-0.2278,0.0
1757460767.7867985,0.002,2.8251,-0.0014,0.0,-0.2278,0.0
1757460767.8343437,0.002,2.825,-0.0003,0.0,-0.2278,0.0
1757460767.8383648,0.002,2.8251,0.0006,0.0,-0.2278,0.0
1757460767.8843315,0.002,2.8251,0.0009,0.0,-0.2278,0.0
1757460767.931831,0.002,2.8251,-0.0005,0.0,-0.2278,0.0
1757460767.936389,0.002,2.8252,-0.0007,0.0,-0.2278,0.0
1757460767.9820576,0.002,2.8252,-0.0015,0.0,-0.2278,0.0
1757460768.0368812,0.002,2.8251,-0.0037,0.0,-0.2278,0.0
1757460768.0388198,0.001,2.8252,-0.0021,0.0,-0.2278,0.0
1757460768.0788057,0.002,2.8252,0.0006,0.0,-0.2278,0.0
1757460768.1264076,0.002,2.8252,-0.0019,0.0,-0.2278,0.0
1757460768.129601,0.002,2.8252,0.0003,0.0,-0.2278,0.0
1757460768.1763635,0.002,2.8251,-0.0038,0.0,-0.2278,0.0
1757460768.2237601,0.002,2.8252,-0.0002,0.0,-0.2278,0.0
1757460768.227224,0.002,2.8252,-0.0033,0.0,-0.2278,0.0
1757460768.274435,0.002,2.8251,-0.0013,0.0,-0.2278,0.0
1757460768.3218725,0.002,2.8251,-0.0034,0.0,-0.2278,0.0
1757460768.3254967,0.002,2.825,-0.0041,0.0,-0.2278,0.0
1757460768.371767,0.002,2.825,-0.005,0.0,-0.2278,0.0
1757460768.4192524,0.002,2.825,-0.0035,0.0,-0.2278,0.0
1757460768.4226336,0.002,2.825,0.0013,0.0,-0.2278,0.0
1757460768.4692848,0.002,2.8249,-0.0001,0.0,-0.2278,0.0
1757460768.5168014,0.002,2.8248,-0.0035,0.0,-0.2278,0.0
1757460768.5203233,0.002,2.8249,-0.0015,0.0,-0.2278,0.0
1757460768.566982,0.002,2.8248,-0.0023,0.0,-0.2278,0.0
1757460768.6143386,0.002,2.8248,-0.0037,0.0,-0.2278,0.0
1757460768.6177022,0.002,2.8249,-0.0011,0.0,-0.2278,0.0
1757460768.664821,0.002,2.8249,-0.0039,0.0,-0.2278,0.0
1757460768.7119787,0.002,2.8249,-0.0003,0.0,-0.2278,0.0
1757460768.715742,0.002,2.8249,-0.0009,0.0,-0.2278,0.0
1757460768.7616198,0.002,2.8248,-0.0005,0.0,-0.2278,0.0
1757460768.8089793,0.002,2.8248,-0.0027,0.0,-0.2278,0.0
1757460768.8128214,0.002,2.8249,0.0002,0.0,-0.2278,0.0
1757460768.8593647,0.002,2.8249,-0.003,0.0,-0.2278,0.0
1757460768.9069228,0.002,2.8249,-0.0031,0.0,-0.2278,0.0
1757460768.9104383,0.002,2.8249,-0.0035,0.0,-0.2278,0.0
1757460768.956797,0.002,2.8249,-0.0007,0.0,-0.2278,0.0
1757460769.0044088,0.002,2.8248,-0.0018,0.0,-0.2278,0.0
1757460769.0081527,0.002,2.8248,-0.0026,0.0,-0.2278,0.0
1757460769.0545242,0.002,2.8248,-0.0033,0.0,-0.2278,0.0
1757460769.1017716,0.001,2.8249,-0.0017,0.0,-0.2278,0.0
1757460769.1055307,0.002,2.8249,0.0018,0.0,-0.2278,0.0
1757460769.1512935,0.002,2.8249,-0.0003,0.0,-0.2278,0.0
1757460769.1989245,0.001,2.8248,-0.0021,0.0,-0.2278,0.0
1757460769.2021594,0.002,2.8247,-0.0025,0.0,-0.2278,0.0
1757460769.249276,0.002,2.8247,-0.0015,0.0,-0.2278,0.0
1757460769.2968426,0.002,2.8247,-0.0029,0.0,-0.2278,0.0
1757460769.3001623,0.002,2.8247,-0.0009,0.0,-0.2278,0.0
1757460769.3467395,0.002,2.8247,0.0023,0.0,-0.2278,0.0
1757460769.3966675,0.002,2.8247,0.0001,0.0,-0.2278,0.0
1757460769.398894,0.002,2.8246,0.0014,0.0,-0.2278,0.0
1757460769.444593,0.002,2.8246,-0.0009,0.0,-0.2278,0.0
1757460769.4928012,0.002,2.8246,-0.0001,0.0,-0.2278,0.0
1757460769.4955935,0.002,2.8247,0.0005,0.0,-0.2278,0.0
1757460769.5417068,0.002,2.8247,-0.0006,0.0,-0.2278,0.0
1757460769.5892735,0.002,2.8247,0.0014,0.0,-0.2278,0.0
1757460769.5928724,0.002,2.8247,-0.0013,0.0,-0.2278,0.0
1757460769.6392848,0.002,2.8247,-0.0001,0.0,-0.2278,0.0
1757460769.686756,0.002,2.8247,-0.0018,0.0,-0.2278,0.0
1757460769.6907723,0.002,2.8247,-0.0002,0.0,-0.2278,0.0
1757460769.7369184,0.002,2.8247,-0.0015,0.0,-0.2278,0.0
1757460769.7838395,0.002,2.8247,0.0005,0.0,-0.2278,0.0
1757460769.7879598,0.002,2.8248,-0.0022,0.0,-0.2278,0.0
1757460769.834056,0.002,2.8248,-0.0045,0.0,-0.2278,0.0
1757460769.8816907,0.002,2.8248,-0.0022,0.0,-0.2278,0.0
1757460769.8845322,0.002,2.8248,-0.0018,0.0,-0.2278,0.0
1757460769.9312725,0.002,2.8248,-0.001,0.0,-0.2278,0.0
1757460769.9792867,0.002,2.8248,-0.0019,0.0,-0.2278,0.0
1757460769.9827166,0.002,2.8249,-0.0013,0.0,-0.2278,0.0
1757460770.0292513,0.002,2.8248,-0.0001,0.0,-0.2278,0.0
1757460770.0768511,0.002,2.8248,-0.0005,0.0,-0.2278,0.0
1757460770.0803008,0.002,2.8249,-0.0013,0.0,-0.2278,0.0
1757460770.1267035,0.002,2.8248,-0.0027,0.0,-0.2278,0.0
1757460770.1737998,0.002,2.8249,-0.0005,0.0,-0.2278,0.0
1757460770.176989,0.002,2.8249,-0.0023,0.0,-0.2278,0.0
1757460770.2237391,0.002,2.8249,-0.0017,0.0,-0.2278,0.0
1757460770.271871,0.002,2.8248,-0.0027,0.0,-0.2278,0.0
1757460770.2759578,0.002,2.8248,-0.0001,0.0,-0.2278,0.0
1757460770.321713,0.002,2.8249,-0.0007,0.0,-0.2278,0.0
1757460770.3692684,0.002,2.8248,-0.0002,0.0,-0.2278,0.0
1757460770.3727744,0.002,2.8249,-0.0014,0.0,-0.2278,0.0
1757460770.4192579,0.002,2.8249,-0.0022,0.0,-0.2278,0.0
1757460770.46689,0.002,2.8248,-0.0013,0.0,-0.2278,0.0
1757460770.469996,0.002,2.8069,-0.3547,-40.0,-0.2361,-0.2553
1757460770.5166833,0.002,2.7944,0.0066,-40.0,-0.2426,-0.3191
1757460770.5648305,0.002,2.7827,0.2107,-40.0,-0.2539,-0.3829
1757460770.6125803,0.002,2.8027,0.3771,0.0,-0.2699,-0.2552
1757460770.6158175,0.002,2.822,-0.2319,0.0,-0.2734,-0.0638
1757460770.662313,0.002,2.8344,-0.3999,0.0,-0.2772,-0.0638
1757460770.709806,0.002,2.8231,-0.5527,0.0,-0.2796,0.0
1757460770.7136643,0.002,2.816,-0.5307,0.0,-0.2796,0.0
1757460770.7598152,0.002,2.8053,-0.2805,0.0,-0.2796,0.0
1757460770.8074145,0.002,2.8006,0.0556,0.0,-0.2796,0.0
1757460770.8106105,0.001,2.8058,0.229,0.0,-0.2796,0.0
1757460770.8577392,0.002,2.8154,0.3923,0.0,-0.2796,0.0
1757460770.9050694,0.002,2.8382,0.5251,0.0,-0.2796,0.0
1757460770.9075525,0.002,2.8473,0.5131,0.0,-0.2796,0.0
1757460770.954944,0.002,2.8587,0.404,0.0,-0.2796,0.0
1757460771.002343,0.002,2.8696,0.1911,0.0,-0.2796,0.0
1757460771.0050414,0.002,2.8705,0.0606,0.0,-0.2796,0.0
1757460771.0523708,0.002,2.8676,-0.096,0.0,-0.2796,0.0
1757460771.0999062,0.002,2.8543,-0.3117,0.0,-0.2796,0.0
1757460771.1031651,0.002,2.847,-0.3503,0.0,-0.2796,0.0
1757460771.1494462,0.002,2.8358,-0.3775,0.0,-0.2796,0.0
1757460771.1972497,0.002,2.8203,-0.2872,0.0,-0.2796,0.0
1757460771.2005577,0.002,2.8154,-0.2051,0.0,-0.2796,0.0
1757460771.2474754,0.002,2.8124,-0.0636,0.0,-0.2796,0.0
1757460771.2952306,0.002,2.8159,0.1388,0.0,-0.2796,0.0
1757460771.2978096,0.002,2.8202,0.2104,0.0,-0.2796,0.0
1757460771.3451192,0.002,2.8273,0.2673,0.0,-0.2796,0.0
1757460771.3929873,0.002,2.839,0.2463,0.0,-0.2796,0.0
1757460771.3957047,0.002,2.8427,0.2046,0.0,-0.2796,0.0
1757460771.4423022,0.002,2.8462,0.1196,0.0,-0.2796,0.0
1757460771.489419,0.002,2.8459,-0.0403,0.0,-0.2796,0.0
1757460771.4935598,0.002,2.8437,-0.1012,0.0,-0.2796,0.0
1757460771.539402,0.002,2.839,-0.1639,0.0,-0.2796,0.0
1757460771.5869558,0.002,2.8292,-0.1925,0.0,-0.2796,0.0
1757460771.5904467,0.002,2.8256,-0.1773,0.0,-0.2796,0.0
1757460771.637224,0.002,2.8213,-0.1301,0.0,-0.2796,0.0
1757460771.6859775,0.002,2.8186,-0.0154,0.0,-0.2796,0.0
1757460771.6890488,0.002,2.8192,0.0359,0.0,-0.2796,0.0
1757460771.735446,0.002,2.8216,0.0921,0.0,-0.2796,0.0
1757460771.7828467,0.002,2.8271,0.1308,0.0,-0.2796,0.0
1757460771.7856004,0.002,2.8298,0.1278,0.0,-0.2796,0.0
1757460771.8324015,0.002,2.8325,0.096,0.0,-0.2796,0.0
1757460771.880907,0.002,2.8342,0.0214,0.0,-0.2796,0.0
1757460771.8833094,0.002,2.8338,-0.0118,0.0,-0.2796,0.0
1757460771.9298646,0.002,2.832,-0.0587,0.0,-0.2796,0.0
1757460771.9778786,0.002,2.828,-0.0888,0.0,-0.2796,0.0
1757460771.980876,0.002,2.826,-0.0897,0.0,-0.2796,0.0
1757460772.0273314,0.002,2.8238,-0.0659,0.0,-0.2796,0.0
1757460772.07531,0.002,2.8221,-0.0155,0.0,-0.2796,0.0
1757460772.077818,0.002,2.8222,0.0058,0.0,-0.2796,0.0
1757460772.1248572,0.002,2.8231,0.0375,0.0,-0.2796,0.0
1757460772.1721172,0.002,2.8255,0.0582,0.0,-0.2796,0.0
1757460772.1752377,0.002,2.8266,0.0512,0.0,-0.2796,0.0
1757460772.2218492,0.002,2.8277,0.0371,0.0,-0.2796,0.0
1757460772.2698383,0.002,2.828,-0.0022,0.0,-0.2796,0.0
1757460772.2744284,0.002,2.8275,-0.0217,0.0,-0.2796,0.0
1757460772.3198593,0.002,2.8264,-0.034,0.0,-0.2796,0.0
1757460772.3673432,0.002,2.8245,-0.038,0.0,-0.2796,0.0
1757460772.37111,0.002,2.8238,-0.0319,0.0,-0.2796,0.0
1757460772.4173195,0.002,2.8232,-0.0149,0.0,-0.2796,0.0
1757460772.4650297,0.002,2.8234,0.0102,0.0,-0.2796,0.0
1757460772.4677434,0.002,2.8239,0.0216,0.0,-0.2796,0.0
1757460772.51485,0.002,2.8246,0.026,0.0,-0.2796,0.0
1757460772.5624633,0.002,2.8256,0.0183,0.0,-0.2796,0.0
1757460772.565142,0.002,2.8258,0.0093,0.0,-0.2796,0.0
1757460772.612381,0.002,2.8258,-0.0027,0.0,-0.2796,0.0
1757460772.6596148,0.002,2.8249,-0.0178,0.0,-0.2796,0.0
1757460772.6633244,0.002,2.8245,-0.0206,0.0,-0.2796,0.0
1757460772.7095916,0.002,2.8239,-0.0207,0.0,-0.2796,0.0
1757460772.7569792,0.002,2.8233,-0.0065,0.0,-0.2796,0.0
1757460772.7604678,0.002,2.8233,-0.0034,0.0,-0.2796,0.0
1757460772.806859,0.002,2.8235,0.0086,0.0,-0.2796,0.0
1757460772.8549106,0.002,2.8241,0.0161,0.0,-0.2796,0.0
1757460772.8580103,0.002,2.8244,0.0153,0.0,-0.2796,0.0
1757460772.9049985,0.002,2.8246,0.0077,0.0,-0.2796,0.0
1757460772.9524996,0.002,2.8246,-0.003,0.0,-0.2796,0.0
1757460772.9555833,0.002,2.8244,-0.0106,0.0,-0.2796,0.0
1757460773.0024092,0.002,2.824,-0.0129,0.0,-0.2796,0.0
1757460773.0500054,0.002,2.8235,-0.0135,0.0,-0.2796,0.0
1757460773.0530431,0.002,2.8234,-0.0085,0.0,-0.2796,0.0
1757460773.1001022,0.002,2.8233,-0.0009,0.0,-0.2796,0.0
1757460773.1475465,0.002,2.8236,0.0087,0.0,-0.2796,0.0
1757460773.15028,0.002,2.8238,0.0089,0.0,-0.2796,0.0
1757460773.196865,0.002,2.824,0.0066,0.0,-0.2796,0.0
1757460773.2444544,0.002,2.8241,-0.0017,0.0,-0.2796,0.0
1757460773.2481349,0.002,2.8241,-0.0031,0.0,-0.2796,0.0
1757460773.2948442,0.002,2.824,-0.0058,0.0,-0.2796,0.0
1757460773.3424006,0.002,2.8235,-0.0082,0.0,-0.2796,0.0
1757460773.3450897,0.002,2.8234,-0.0083,0.0,-0.2796,0.0
1757460773.3923843,0.002,2.8233,-0.0029,0.0,-0.2796,0.0
1757460773.4401147,0.002,2.8234,0.0021,0.0,-0.2796,0.0
1757460773.4431775,0.002,2.8234,0.0034,0.0,-0.2796,0.0
1757460773.4894097,0.002,2.8236,0.0074,0.0,-0.2796,0.0
1757460773.5369773,0.002,2.8238,0.0034,0.0,-0.2796,0.0
1757460773.5408318,0.002,2.8238,0.0001,0.0,-0.2796,0.0
1757460773.5874276,0.003,2.8237,-0.0037,0.0,-0.2796,0.0
1757460773.6353645,0.002,2.8235,-0.005,0.0,-0.2796,0.0
1757460773.6376743,0.002,2.8234,-0.0077,0.0,-0.2796,0.0
1757460773.6849086,0.002,2.8233,-0.0045,0.0,-0.2796,0.0
1757460773.7325842,0.002,2.8234,-0.0006,0.0,-0.2796,0.0
1757460773.736758,0.002,2.8233,-0.0013,0.0,-0.2796,0.0
1757460773.7825544,0.002,2.8234,0.0005,0.0,-0.2796,0.0
1757460773.829965,0.002,2.8237,0.0006,0.0,-0.2796,0.0
1757460773.833857,0.002,2.8237,0.0034,0.0,-0.2796,0.0
1757460773.8799188,0.002,2.8238,-0.0002,0.0,-0.2796,0.0
1757460773.9277682,0.002,2.8238,-0.0041,0.0,-0.2796,0.0
1757460773.9300463,0.002,2.8237,-0.0053,0.0,-0.2796,0.0
1757460773.977379,0.002,2.8237,-0.0029,0.0,-0.2796,0.0
1757460774.0255008,0.002,2.8236,-0.0041,0.0,-0.2796,0.0
1757460774.0278707,0.002,2.8236,-0.0017,0.0,-0.2796,0.0
1757460774.0748727,0.002,2.8236,0.0034,0.0,-0.2796,0.0
1757460774.1228828,0.002,2.8237,0.0022,0.0,-0.2796,0.0
1757460774.1254566,0.002,2.8238,0.0009,0.0,-0.2796,0.0
1757460774.1718879,0.002,2.8239,0.0021,0.0,-0.2796,0.0
1757460774.2195551,0.002,2.8237,0.0003,0.0,-0.2796,0.0
1757460774.222529,0.002,2.8236,-0.0046,0.0,-0.2796,0.0
1757460774.2698364,0.002,2.8235,-0.0057,0.0,-0.2796,0.0
1757460774.317752,0.002,2.8235,-0.005,0.0,-0.2796,0.0
1757460774.3211389,0.002,2.8234,-0.0022,0.0,-0.2796,0.0
1757460774.3674753,0.002,2.8233,-0.0027,0.0,-0.2796,0.0
1757460774.4150636,0.002,2.8234,-0.0009,0.0,-0.2796,0.0
1757460774.4189265,0.002,2.8235,-0.0005,0.0,-0.2796,0.0
1757460774.464975,0.002,2.8235,0.0021,0.0,-0.2796,0.0
1757460774.5124452,0.002,2.8236,-0.0045,0.0,-0.2796,0.0
1757460774.5163527,0.002,2.8236,-0.0007,0.0,-0.2796,0.0
1757460774.5625916,0.002,2.8235,-0.0007,0.0,-0.2796,0.0
1757460774.6104593,0.002,2.8234,0.0006,0.0,-0.2796,0.0
1757460774.6129503,0.002,2.8234,-0.0021,0.0,-0.2796,0.0
1757460774.659863,0.002,2.8234,-0.0022,0.0,-0.2796,0.0
1757460774.707757,0.002,2.8234,0.0007,0.0,-0.2796,0.0
1757460774.7113292,0.002,2.8235,0.0002,0.0,-0.2796,0.0
1757460774.7573931,0.002,2.8235,-0.0021,0.0,-0.2796,0.0
1757460774.8048575,0.002,2.8235,-0.0019,0.0,-0.2796,0.0
1757460774.8088057,0.002,2.8235,-0.0006,0.0,-0.2796,0.0
1757460774.8550484,0.002,2.8235,-0.0045,0.0,-0.2796,0.0
1757460774.902551,0.002,2.8235,-0.0029,0.0,-0.2796,0.0
1757460774.904976,0.002,2.8235,0.0013,0.0,-0.2796,0.0
1757460774.9526055,0.002,2.8234,0.0007,0.0,-0.2796,0.0
1757460774.9998748,0.002,2.8234,-0.0015,0.0,-0.2796,0.0
1757460775.0033784,0.002,2.8234,-0.0007,0.0,-0.2796,0.0
1757460775.049892,0.002,2.8236,-0.0002,0.0,-0.2796,0.0
1757460775.1051204,0.002,2.8236,0.0023,0.0,-0.2796,0.0
1757460775.1073182,0.002,2.8236,-0.001,0.0,-0.2796,0.0
1757460775.1476772,0.002,2.8235,-0.0009,0.0,-0.2796,0.0
1757460775.1945286,0.002,2.8234,-0.0033,0.0,-0.2796,0.0
1757460775.198295,0.002,2.8234,-0.0023,0.0,-0.2796,0.0
1757460775.2446065,0.002,2.8234,-0.0009,0.0,-0.2796,0.0
1757460775.2924552,0.002,2.8235,-0.0033,0.0,-0.2796,0.0
1757460775.29613,0.002,2.8235,-0.0011,0.0,-0.2796,0.0
1757460775.3424428,0.002,2.8236,-0.0038,0.0,-0.2796,0.0
1757460775.3893826,0.002,2.8236,-0.003,0.0,-0.2796,0.0
1757460775.3929787,0.002,2.8236,-0.0002,0.0,-0.2796,0.0
1757460775.4393785,0.001,2.8236,-0.0029,0.0,-0.2796,0.0
1757460775.4874065,0.002,2.8236,-0.0011,0.0,-0.2796,0.0
1757460775.4901063,0.002,2.8236,-0.0019,0.0,-0.2796,0.0
1757460775.5375679,0.002,2.8236,-0.0009,0.0,-0.2796,0.0
1757460775.585032,0.002,2.8235,-0.0021,0.0,-0.2796,0.0
1757460775.5884373,0.002,2.8235,-0.0033,0.0,-0.2796,0.0
1757460775.6349354,0.002,2.8236,-0.0013,0.0,-0.2796,0.0
1757460775.6828136,0.002,2.8235,0.0003,0.0,-0.2796,0.0
1757460775.6859465,0.002,2.8235,-0.0001,0.0,-0.2796,0.0
1757460775.7328808,0.002,2.8235,-0.0005,0.0,-0.2796,0.0
1757460775.780408,0.002,2.8235,-0.0001,0.0,-0.2796,0.0
1757460775.7835832,0.002,2.8235,-0.0005,0.0,-0.2796,0.0
1757460775.8298097,0.002,2.8236,-0.0015,0.0,-0.2796,0.0
1757460775.8774407,0.002,2.8234,-0.0018,0.0,-0.2796,0.0
1757460775.8813334,0.002,2.8235,-0.0014,0.0,-0.2796,0.0
1757460775.9273477,0.002,2.8235,-0.0006,0.0,-0.2796,0.0
1757460775.975125,0.002,2.8234,-0.0034,0.0,-0.2796,0.0
1757460775.9797337,0.002,2.8234,0.0003,0.0,-0.2796,0.0
1757460776.0255225,0.002,2.8234,-0.0014,0.0,-0.2796,0.0
1757460776.0723732,0.002,2.8234,-0.005,0.0,-0.2796,0.0
1757460776.075462,0.002,2.8234,-0.0013,0.0,-0.2796,0.0
1757460776.1219897,0.002,2.8234,-0.001,0.0,-0.2796,0.0
1757460776.169351,0.002,2.8234,-0.0018,0.0,-0.2796,0.0
1757460776.1738508,0.002,2.8235,0.0006,0.0,-0.2796,0.0
1757460776.2194052,0.002,2.8235,-0.0027,0.0,-0.2796,0.0
1757460776.2671442,0.002,2.8234,0.0001,0.0,-0.2796,0.0
1757460776.270877,0.002,2.8234,-0.0019,0.0,-0.2796,0.0
1757460776.31695,0.002,2.8235,-0.0017,0.0,-0.2796,0.0
1757460776.3644447,0.002,2.8235,-0.0003,0.0,-0.2796,0.0
1757460776.367939,0.002,2.8235,-0.0009,0.0,-0.2796,0.0
1757460776.4143229,0.002,2.8236,-0.003,0.0,-0.2796,0.0
1757460776.4624395,0.002,2.8235,-0.0051,0.0,-0.2796,0.0
1757460776.4659066,0.002,2.8235,-0.0026,0.0,-0.2796,0.0
1757460776.5123553,0.002,2.8236,-0.001,0.0,-0.2796,0.0
1757460776.5597277,0.002,2.8236,-0.0005,0.0,-0.2796,0.0
1757460776.5627868,0.002,2.8235,-0.001,0.0,-0.2796,0.0
1757460776.6096547,0.002,2.8235,-0.0013,0.0,-0.2796,0.0
1757460776.6569312,0.002,2.8235,-0.0006,0.0,-0.2796,0.0
1757460776.6599436,0.002,2.8235,0.0003,0.0,-0.2796,0.0
1757460776.7068436,0.002,2.8236,-0.0006,0.0,-0.2796,0.0
1757460776.7545075,0.002,2.8236,0.001,0.0,-0.2796,0.0
1757460776.757669,0.002,2.8236,-0.0023,0.0,-0.2796,0.0
1757460776.8048327,0.002,2.8236,-0.0031,0.0,-0.2796,0.0
1757460776.8523722,0.002,2.8236,-0.0006,0.0,-0.2796,0.0
1757460776.8559656,0.002,2.8236,-0.0014,0.0,-0.2796,0.0
1757460776.902387,0.002,2.8235,-0.0054,0.0,-0.2796,0.0
1757460776.9500585,0.002,2.8235,-0.0026,0.0,-0.2796,0.0
1757460776.953145,0.002,2.8235,-0.0027,0.0,-0.2796,0.0
1757460776.9998477,0.002,2.8235,-0.0003,0.0,-0.2796,0.0
1757460777.0472088,0.002,2.8235,-0.0029,0.0,-0.2796,0.0
1757460777.0512276,0.002,2.8235,-0.0023,0.0,-0.2796,0.0
1757460777.0975475,0.002,2.8235,-0.0035,0.0,-0.2796,0.0
1757460777.144885,0.002,2.8236,-0.0042,0.0,-0.2796,0.0
1757460777.148461,0.002,2.8236,-0.0039,0.0,-0.2796,0.0
1757460777.1943443,0.002,2.8236,-0.0025,0.0,-0.2796,0.0
1757460777.24186,0.002,2.8236,-0.0025,0.0,-0.2796,0.0
1757460777.244834,0.002,2.8235,-0.0017,0.0,-0.2796,0.0
1757460777.2923512,0.002,2.8236,0.0011,0.0,-0.2796,0.0
1757460777.3398354,0.002,2.8235,-0.0003,0.0,-0.2796,0.0
1757460777.3435578,0.002,2.8235,-0.0019,0.0,-0.2796,0.0
1757460777.3898275,0.002,2.8236,-0.0014,0.0,-0.2796,0.0
1757460777.4372792,0.002,2.8236,-0.0003,0.0,-0.2796,0.0
1757460777.4406042,0.002,2.8236,0.0007,0.0,-0.2796,0.0
1757460777.487368,0.002,2.8236,-0.0006,0.0,-0.2796,0.0
1757460777.5349011,0.002,2.8236,-0.0017,0.0,-0.2796,0.0
1757460777.5379472,0.002,2.8237,-0.0002,0.0,-0.2796,0.0
1757460777.5847855,0.002,2.8238,0.0003,0.0,-0.2796,0.0
1757460777.6324897,0.002,2.8238,-0.0017,0.0,-0.2796,0.0
1757460777.635723,0.002,2.8238,-0.0002,0.0,-0.2796,0.0
1757460777.6823566,0.001,2.8239,-0.0003,0.0,-0.2796,0.0
1757460777.7299304,0.002,2.824,-0.0006,0.0,-0.2796,0.0
1757460777.8285902,0.002,2.824,-0.0013,0.0,-0.2796,0.0
1757460777.8762867,0.002,2.824,-0.0017,0.0,-0.2796,0.0
1757460777.8791845,0.002,2.8239,0.0006,0.0,-0.2796,0.0
1757460777.9260447,0.002,2.8238,0.0007,0.0,-0.2796,0.0
1757460777.9737272,0.002,2.8238,-0.0017,0.0,-0.2796,0.0
1757460777.9779825,0.002,2.8238,0.0013,0.0,-0.2796,0.0
1757460778.0235317,0.002,2.8238,0.0005,0.0,-0.2796,0.0
1757460778.0713108,0.002,2.8237,-0.0014,0.0,-0.2796,0.0
1757460778.0751042,0.002,2.8237,-0.0015,0.0,-0.2796,0.0
1757460778.121078,0.002,2.8237,0.0001,0.0,-0.2796,0.0
1757460778.1684911,0.002,2.8237,-0.0017,0.0,-0.2796,0.0
1757460778.1719341,0.002,2.8237,0.0006,0.0,-0.2796,0.0
1757460778.218196,0.002,2.8237,-0.003,0.0,-0.2796,0.0
1757460778.2661052,0.002,2.8237,-0.0001,0.0,-0.2796,0.0
1757460778.2690184,0.002,2.8237,0.0007,0.0,-0.2796,0.0
1757460778.3161762,0.002,2.8237,-0.0018,0.0,-0.2796,0.0
1757460778.3639007,0.002,2.8237,-0.0014,0.0,-0.2796,0.0
1757460778.3668022,0.002,2.8236,-0.0031,0.0,-0.2796,0.0
1757460778.4139664,0.002,2.8236,-0.0025,0.0,-0.2796,0.0
1757460778.461069,0.002,2.8235,-0.0027,0.0,-0.2796,0.0
1757460778.4648921,0.002,2.8236,-0.0037,0.0,-0.2796,0.0
1757460778.5106723,0.002,2.8236,-0.0017,0.0,-0.2796,0.0
1757460778.5581267,0.002,2.8237,0.0002,0.0,-0.2796,0.0
1757460778.5626204,0.002,2.8238,-0.0005,0.0,-0.2796,0.0
1757460778.6086018,0.002,2.8237,0.0005,0.0,-0.2796,0.0
1757460778.6567194,0.002,2.8237,-0.0027,0.0,-0.2796,0.0
1757460778.6595085,0.002,2.8237,-0.0006,0.0,-0.2796,0.0
1757460778.706193,0.002,2.8237,0.0009,0.0,-0.2796,0.0
1757460778.7540946,0.002,2.8236,-0.0022,0.0,-0.2796,0.0
1757460778.757169,0.002,2.8236,-0.0023,0.0,-0.2796,0.0
1757460778.8035536,0.002,2.8236,-0.0025,0.0,-0.2796,0.0
1757460778.8511553,0.002,2.8236,0.0002,0.0,-0.2796,0.0
1757460778.8549135,0.002,2.8236,0.0013,0.0,-0.2796,0.0
1757460778.9010367,0.002,2.8236,-0.0014,0.0,-0.2796,0.0
1757460778.9484725,0.002,2.8235,0.0001,0.0,-0.2796,0.0
1757460778.9527931,0.002,2.8235,0.0007,0.0,-0.2796,0.0
1757460778.998585,0.002,2.8236,0.0015,0.0,-0.2796,0.0
1757460779.046207,0.002,2.8236,-0.0021,0.0,-0.2796,0.0
1757460779.0491548,0.002,2.8236,-0.0021,0.0,-0.2796,0.0
1757460779.0961723,0.002,2.8236,-0.0041,0.0,-0.2796,0.0
1757460779.144702,0.002,2.8237,-0.0023,0.0,-0.2796,0.0
1757460779.1477256,0.002,2.8237,-0.0021,0.0,-0.2796,0.0
1757460779.1931899,0.002,2.8237,-0.0011,0.0,-0.2796,0.0
1757460779.240692,0.002,2.8237,-0.0017,0.0,-0.2796,0.0
1757460779.244109,0.002,2.8236,-0.0007,0.0,-0.2796,0.0
1757460779.2911468,0.002,2.8237,-0.0021,0.0,-0.2796,0.0
1757460779.338563,0.002,2.8239,-0.0013,0.0,-0.2796,0.0
1757460779.3425899,0.002,2.8239,-0.0023,0.0,-0.2796,0.0
1757460779.388578,0.002,2.8239,-0.0007,0.0,-0.2796,0.0
1757460779.4362998,0.002,2.8239,-0.0022,0.0,-0.2796,0.0
1757460779.4398215,0.002,2.8239,-0.0035,0.0,-0.2796,0.0
1757460779.4860601,0.002,2.824,-0.0015,0.0,-0.2796,0.0
1757460779.5336683,0.002,2.8239,-0.0037,0.0,-0.2796,0.0
1757460779.537115,0.002,2.824,-0.0041,0.0,-0.2796,0.0
1757460779.5836036,0.002,2.824,-0.0001,0.0,-0.2796,0.0
1757460779.6310925,0.002,2.8239,-0.0023,0.0,-0.2796,0.0
1757460779.6336625,0.001,2.8239,-0.0039,0.0,-0.2796,0.0
1757460779.6811213,0.002,2.8239,-0.0025,0.0,-0.2796,0.0
1757460779.7292023,0.002,2.8239,-0.0017,0.0,-0.2796,0.0
1757460779.7316337,0.002,2.8238,-0.0021,0.0,-0.2796,0.0
1757460779.77867,0.002,2.8239,-0.0031,0.0,-0.2796,0.0
1757460779.8262117,0.002,2.824,-0.0011,0.0,-0.2796,0.0
1757460779.8293543,0.002,2.8241,-0.0033,0.0,-0.2796,0.0
1757460779.8759594,0.002,2.824,0.0017,0.0,-0.2796,0.0
1757460779.9236362,0.002,2.8241,-0.0022,0.0,-0.2796,0.0
1757460779.9266644,0.002,2.824,-0.001,0.0,-0.2796,0.0
1757460779.9736166,0.002,2.824,-0.0019,0.0,-0.2796,0.0
1757460780.0209818,0.002,2.8239,-0.0005,0.0,-0.2796,0.0
1757460780.0245094,0.002,2.8239,-0.0011,0.0,-0.2796,0.0
1757460780.0710192,0.002,2.8239,-0.0009,0.0,-0.2796,0.0
1757460780.1184402,0.002,2.8239,0.0005,0.0,-0.2796,0.0
1757460780.1223176,0.002,2.8239,-0.0005,0.0,-0.2796,0.0
1757460780.1688457,0.002,2.8239,-0.0006,0.0,-0.2796,0.0
1757460780.2155588,0.002,2.8239,-0.0003,0.0,-0.2796,0.0
1757460780.2188632,0.002,2.8239,0.0011,0.0,-0.2796,0.0
1757460780.2655652,0.002,2.824,-0.0018,0.0,-0.2796,0.0
1757460780.3135657,0.002,2.8239,-0.0026,0.0,-0.2796,0.0
1757460780.3173141,0.002,2.8239,0.0007,0.0,-0.2796,0.0
1757460780.363591,0.002,2.824,-0.0037,0.0,-0.2796,0.0
1757460780.411212,0.002,2.824,-0.0039,0.0,-0.2796,0.0
1757460780.4143605,0.002,2.8239,-0.0027,0.0,-0.2796,0.0
1757460780.46102,0.002,2.8239,0.0005,0.0,-0.2796,0.0
1757460780.509484,0.002,2.824,0.0001,0.0,-0.2796,0.0
1757460780.513078,0.002,2.8239,0.0001,0.0,-0.2796,0.0
1757460780.5588458,0.002,2.824,0.0017,0.0,-0.2796,0.0
1757460780.605798,0.002,2.8418,-0.386,40.0,-0.2758,0.1915
1757460780.6094148,0.002,2.8593,-0.0347,40.0,-0.2703,0.3191
1757460780.6557074,0.002,2.8735,-0.0907,40.0,-0.2606,0.3829
1757460780.7037163,0.002,2.8844,-0.1567,40.0,-0.239,0.5743
1757460780.7081056,0.002,2.8875,-0.0554,40.0,-0.2273,0.5743
1757460780.7535317,0.002,2.8924,-0.0387,40.0,-0.2101,0.5743
1757460780.8006315,0.002,2.895,-0.0091,0.0,-0.1831,0.3191
1757460780.8043249,0.002,2.8819,-0.1296,0.0,-0.1774,0.1914
1757460780.8506005,0.002,2.8627,0.73,0.0,-0.1705,0.2552
1757460780.8985286,0.002,2.8811,1.1116,0.0,-0.1648,0.1276
1757460780.9015577,0.002,2.8987,0.9692,0.0,-0.1637,0.0
1757460780.9487274,0.002,2.9151,0.6733,0.0,-0.1635,0.0
1757460780.9961355,0.001,2.922,-0.1114,0.0,-0.1636,0.0
1757460780.9986434,0.002,2.914,-0.4505,0.0,-0.1636,0.0
1757460781.0460773,0.002,2.8901,-0.8601,0.0,-0.1636,0.0
1757460781.0936415,0.002,2.8387,-1.144,0.0,-0.1636,0.0
1757460781.0976512,0.002,2.8179,-1.1431,0.0,-0.1636,0.0
1757460781.1533623,0.002,2.7881,-0.9925,0.0,-0.1636,0.0
1757460781.191036,0.002,2.7586,-0.4535,0.0,-0.1636,0.0
1757460781.1938827,0.002,2.7561,-0.1706,0.0,-0.1636,0.0
1757460781.2405717,0.002,2.7625,0.2356,0.0,-0.1636,0.0
1757460781.2886107,0.002,2.788,0.6613,0.0,-0.1636,0.0
1757460781.29245,0.002,2.8023,0.7633,0.0,-0.1636,0.0
1757460781.3386145,0.002,2.8279,0.8007,0.0,-0.1636,0.0
1757460781.3856046,0.002,2.8611,0.6263,0.0,-0.1636,0.0
1757460781.3888516,0.002,2.8702,0.49,0.0,-0.1636,0.0
1757460781.4354818,0.002,2.878,0.215,0.0,-0.1636,0.0
1757460781.4835942,0.002,2.8726,-0.2433,0.0,-0.1636,0.0
1757460781.4865868,0.002,2.8638,-0.4138,0.0,-0.1636,0.0
1757460781.5336497,0.002,2.8481,-0.5747,0.0,-0.1636,0.0
1757460781.5810533,0.002,2.8175,-0.6181,0.0,-0.1636,0.0
1757460781.5855246,0.002,2.8065,-0.5578,0.0,-0.1636,0.0
1757460781.631074,0.002,2.7955,-0.3967,0.0,-0.1636,0.0
1757460781.678139,0.002,2.7893,-0.0256,0.0,-0.1636,0.0
1757460781.6816318,0.002,2.7922,0.132,0.0,-0.1636,0.0
1757460781.8252807,0.002,2.8006,0.3117,0.0,-0.1636,0.0
1757460781.8296492,0.002,2.8202,0.4476,0.0,-0.1636,0.0
1757460781.8749654,0.002,2.8301,0.4452,0.0,-0.1636,0.0
1757460781.922607,0.002,2.8413,0.3827,0.0,-0.1636,0.0
1757460781.9253366,0.002,2.853,0.1777,0.0,-0.1636,0.0
1757460781.9722786,0.002,2.8543,0.0696,0.0,-0.1636,0.0
1757460782.0197031,0.002,2.8525,-0.0887,0.0,-0.1636,0.0
1757460782.0237792,0.002,2.842,-0.2716,0.0,-0.1636,0.0
1757460782.0698383,0.002,2.8352,-0.3201,0.0,-0.1636,0.0
1757460782.1175034,0.002,2.8253,-0.3357,0.0,-0.1636,0.0
1757460782.1216764,0.002,2.8127,-0.2378,0.0,-0.1636,0.0
1757460782.1672878,0.002,2.8096,-0.1645,0.0,-0.1636,0.0
1757460782.2143357,0.002,2.8082,-0.0288,0.0,-0.1636,0.0
1757460782.2177472,0.002,2.8134,0.1486,0.0,-0.1636,0.0
1757460782.2642984,0.002,2.8173,0.194,0.0,-0.1636,0.0
1757460782.312407,0.002,2.8237,0.2224,0.0,-0.1636,0.0
1757460782.3156595,0.002,2.8334,0.1843,0.0,-0.1636,0.0
1757460782.3622296,0.002,2.8363,0.143,0.0,-0.1636,0.0
1757460782.4097352,0.002,2.8385,0.0632,0.0,-0.1636,0.0
1757460782.4138176,0.002,2.8372,-0.0611,0.0,-0.1636,0.0
1757460782.4599872,0.002,2.8352,-0.1011,0.0,-0.1636,0.0
1757460782.5067663,0.002,2.8311,-0.1362,0.0,-0.1636,0.0
1757460782.5103838,0.002,2.8245,-0.1418,0.0,-0.1636,0.0
1757460782.556868,0.002,2.8221,-0.118,0.0,-0.1636,0.0
1757460782.6047316,0.002,2.8233,0.0835,0.0,-0.1636,0.0
1757460782.6077724,0.002,2.8253,0.0863,0.0,-0.1636,0.0
1757460782.654689,0.002,2.8277,0.0796,0.0,-0.1636,0.0
1757460782.7023811,0.002,2.83,0.0335,0.0,-0.1636,0.0
1757460782.7052002,0.002,2.8302,0.0117,0.0,-0.1636,0.0
1757460782.7523177,0.002,2.8297,-0.0202,0.0,-0.1636,0.0
1757460782.7997186,0.002,2.8276,-0.0494,0.0,-0.1636,0.0
1757460782.803251,0.002,2.8265,-0.0506,0.0,-0.1636,0.0
1757460782.849703,0.002,2.8254,-0.042,0.0,-0.1636,0.0
1757460782.8972096,0.002,2.8245,-0.0141,0.0,-0.1636,0.0
1757460782.901312,0.002,2.8246,0.0017,0.0,-0.1636,0.0
1757460782.9473064,0.001,2.8252,0.0211,0.0,-0.1636,0.0
1757460782.9948642,0.002,2.8265,0.0262,0.0,-0.1636,0.0
1757460782.9979377,0.002,2.8268,0.0186,0.0,-0.1636,0.0
1757460783.0447133,0.002,2.8272,0.0073,0.0,-0.1636,0.0
1757460783.092457,0.002,2.827,-0.0138,0.0,-0.1636,0.0
1757460783.0961502,0.002,2.8268,-0.0158,0.0,-0.1636,0.0
1757460783.1422694,0.002,2.8263,-0.0171,0.0,-0.1636,0.0
1757460783.1893685,0.002,2.8258,-0.0102,0.0,-0.1636,0.0
1757460783.1930716,0.002,2.8258,-0.0006,0.0,-0.1636,0.0
1757460783.2394366,0.002,2.8259,0.0049,0.0,-0.1636,0.0
1757460783.2874544,0.002,2.8264,0.0077,0.0,-0.1636,0.0
1757460783.290548,0.002,2.8267,0.0063,0.0,-0.1636,0.0
1757460783.3373187,0.002,2.8268,0.0027,0.0,-0.1636,0.0
1757460783.3848586,0.002,2.8266,-0.007,0.0,-0.1636,0.0
1757460783.389422,0.002,2.8265,-0.0134,0.0,-0.1636,0.0
1757460783.4349496,0.002,2.8263,-0.0078,0.0,-0.1636,0.0
1757460783.4843667,0.002,2.8263,-0.0041,0.0,-0.1636,0.0
1757460783.4868393,0.002,2.8263,-0.0011,0.0,-0.1636,0.0
1757460783.5323358,0.002,2.8265,0.0037,0.0,-0.1636,0.0
1757460783.580235,0.002,2.8266,0.0046,0.0,-0.1636,0.0
1757460783.5823674,0.002,2.8267,-0.0001,0.0,-0.1636,0.0
1757460783.6293235,0.002,2.8266,-0.0049,0.0,-0.1636,0.0
1757460783.6768746,0.002,2.8265,-0.0053,0.0,-0.1636,0.0
1757460783.6812718,0.002,2.8263,-0.0055,0.0,-0.1636,0.0
1757460783.7273486,0.002,2.8263,-0.0023,0.0,-0.1636,0.0
1757460783.7748706,0.002,2.8264,0.0023,0.0,-0.1636,0.0
1757460783.7784536,0.002,2.8265,0.0026,0.0,-0.1636,0.0
1757460783.8243704,0.002,2.8266,0.0019,0.0,-0.1636,0.0
1757460783.8717382,0.002,2.8266,-0.0017,0.0,-0.1636,0.0
1757460783.8747814,0.002,2.8265,-0.0041,0.0,-0.1636,0.0
1757460783.92224,0.002,2.8266,-0.0045,0.0,-0.1636,0.0
1757460783.9697306,0.002,2.8265,-0.0014,0.0,-0.1636,0.0
1757460783.9731934,0.002,2.8266,-0.0019,0.0,-0.1636,0.0
1757460784.0196865,0.002,2.8266,0.0001,0.0,-0.1636,0.0
1757460784.0671554,0.002,2.8267,0.0009,0.0,-0.1636,0.0
1757460784.0700707,0.002,2.8267,0.0009,0.0,-0.1636,0.0
1757460784.1172962,0.002,2.8267,-0.0042,0.0,-0.1636,0.0
1757460784.1703699,0.002,2.8267,-0.0031,0.0,-0.1636,0.0
1757460784.174454,0.002,2.8268,-0.0059,0.0,-0.1636,0.0
1757460784.2144306,0.002,2.8268,-0.0031,0.0,-0.1636,0.0
1757460784.2639089,0.002,2.8268,0.0006,0.0,-0.1636,0.0
1757460784.2661972,0.002,2.8268,0.0007,0.0,-0.1636,0.0
1757460784.3118744,0.002,2.8268,-0.0003,0.0,-0.1636,0.0
1757460784.3616688,0.002,2.8269,-0.0007,0.0,-0.1636,0.0
1757460784.3637362,0.002,2.8268,-0.0003,0.0,-0.1636,0.0
1757460784.4095764,0.002,2.8268,-0.0021,0.0,-0.1636,0.0
1757460784.4588664,0.002,2.8267,-0.0001,0.0,-0.1636,0.0
1757460784.46087,0.002,2.8267,-0.001,0.0,-0.1636,0.0
1757460784.507045,0.002,2.8267,-0.0011,0.0,-0.1636,0.0
1757460784.554731,0.002,2.8268,-0.0019,0.0,-0.1636,0.0
1757460784.5583546,0.002,2.8267,-0.0037,0.0,-0.1636,0.0
1757460784.6045058,0.002,2.8268,-0.0039,0.0,-0.1636,0.0
1757460784.6521878,0.002,2.8267,0.0002,0.0,-0.1636,0.0
1757460784.6548083,0.001,2.8267,-0.0033,0.0,-0.1636,0.0
1757460784.7023196,0.002,2.8266,0.0007,0.0,-0.1636,0.0
1757460784.749814,0.002,2.8266,-0.0015,0.0,-0.1636,0.0
1757460784.7532895,0.002,2.8266,0.0015,0.0,-0.1636,0.0
1757460784.7999294,0.002,2.8267,0.0009,0.0,-0.1636,0.0
1757460784.8473897,0.002,2.8268,-0.0019,0.0,-0.1636,0.0
1757460784.8505404,0.002,2.8268,-0.0022,0.0,-0.1636,0.0
1757460784.8972907,0.002,2.8268,0.0002,0.0,-0.1636,0.0
1757460784.945119,0.002,2.8268,-0.0021,0.0,-0.1636,0.0
1757460784.9482532,0.002,2.8268,-0.0034,0.0,-0.1636,0.0
1757460784.9944077,0.002,2.8268,-0.0009,0.0,-0.1636,0.0
1757460785.0419438,0.002,2.8267,-0.0041,0.0,-0.1636,0.0
1757460785.045089,0.002,2.8267,0.0013,0.0,-0.1636,0.0
1757460785.0923328,0.002,2.8268,0.0005,0.0,-0.1636,0.0
1757460785.1397862,0.002,2.8267,-0.0021,0.0,-0.1636,0.0
1757460785.1440537,0.002,2.8267,-0.0037,0.0,-0.1636,0.0
1757460785.189513,0.002,2.8267,-0.0002,0.0,-0.1636,0.0
1757460785.2371325,0.002,2.8266,-0.0003,0.0,-0.1636,0.0
1757460785.2399542,0.002,2.8266,-0.0041,0.0,-0.1636,0.0
1757460785.2870884,0.002,2.8266,-0.0005,0.0,-0.1636,0.0
1757460785.3348327,0.002,2.8265,-0.0035,0.0,-0.1636,0.0
1757460785.337607,0.002,2.8265,0.0003,0.0,-0.1636,0.0
1757460785.3848376,0.002,2.8265,-0.0014,0.0,-0.1636,0.0
1757460785.4323914,0.002,2.8264,-0.0009,0.0,-0.1636,0.0
1757460785.4358435,0.002,2.8264,-0.0026,0.0,-0.1636,0.0
1757460785.4824474,0.001,2.8264,-0.0023,0.0,-0.1636,0.0
1757460785.5300946,0.002,2.8264,-0.0001,0.0,-0.1636,0.0
1757460785.533009,0.002,2.8264,-0.0018,0.0,-0.1636,0.0
1757460785.5798142,0.002,2.8264,-0.0013,0.0,-0.1636,0.0
1757460785.6273892,0.002,2.8264,-0.001,0.0,-0.1636,0.0
1757460785.6307976,0.002,2.8264,-0.0031,0.0,-0.1636,0.0
1757460785.677326,0.002,2.8264,-0.0014,0.0,-0.1636,0.0
1757460785.7256153,0.002,2.8265,-0.0017,0.0,-0.1636,0.0
1757460785.7282166,0.002,2.8265,-0.0014,0.0,-0.1636,0.0
1757460785.7747877,0.002,2.8264,-0.0049,0.0,-0.1636,0.0
1757460785.822697,0.002,2.8265,-0.0022,0.0,-0.1636,0.0
1757460785.825075,0.002,2.8265,-0.0034,0.0,-0.1636,0.0
1757460785.872355,0.002,2.8264,0.0001,0.0,-0.1636,0.0
1757460785.9199839,0.002,2.8265,-0.0034,0.0,-0.1636,0.0
1757460785.9239664,0.002,2.8265,-0.0005,0.0,-0.1636,0.0
1757460785.9698522,0.002,2.8266,-0.0001,0.0,-0.1636,0.0
1757460786.0175588,0.002,2.8265,-0.0034,0.0,-0.1636,0.0
1757460786.0201223,0.002,2.8266,-0.0006,0.0,-0.1636,0.0
1757460786.067274,0.002,2.8265,-0.0019,0.0,-0.1636,0.0
1757460786.1147594,0.002,2.8265,0.001,0.0,-0.1636,0.0
1757460786.1184042,0.002,2.8265,-0.0009,0.0,-0.1636,0.0
1757460786.1648352,0.002,2.8265,-0.0013,0.0,-0.1636,0.0
1757460786.2121518,0.002,2.8265,-0.0041,0.0,-0.1636,0.0
1757460786.2150676,0.002,2.8265,-0.0006,0.0,-0.1636,0.0
1757460786.261877,0.002,2.8266,-0.0009,0.0,-0.1636,0.0
1757460786.3098192,0.002,2.8266,-0.0047,0.0,-0.1636,0.0
1757460786.3130896,0.002,2.8266,-0.0001,0.0,-0.1636,0.0
1757460786.359841,0.002,2.8266,-0.0023,0.0,-0.1636,0.0
1757460786.4073262,0.002,2.8266,-0.0029,0.0,-0.1636,0.0
1757460786.4108577,0.002,2.8266,-0.0035,0.0,-0.1636,0.0
1757460786.4573393,0.002,2.8266,-0.0003,0.0,-0.1636,0.0
1757460786.5050025,0.002,2.8266,-0.0006,0.0,-0.1636,0.0
1757460786.5077164,0.002,2.8265,0.0007,0.0,-0.1636,0.0
1757460786.554796,0.002,2.8265,-0.0047,0.0,-0.1636,0.0
1757460786.6026206,0.002,2.8265,-0.0007,0.0,-0.1636,0.0
1757460786.6063452,0.002,2.8265,-0.0011,0.0,-0.1636,0.0
1757460786.6523685,0.002,2.8264,-0.0015,0.0,-0.1636,0.0
1757460786.6998873,0.002,2.8265,-0.0029,0.0,-0.1636,0.0
1757460786.7030525,0.002,2.8265,-0.0022,0.0,-0.1636,0.0
1757460786.74982,0.002,2.8266,0.0005,0.0,-0.1636,0.0
1757460786.7974284,0.001,2.8266,-0.0015,0.0,-0.1636,0.0
1757460786.8007073,0.002,2.8265,0.001,0.0,-0.1636,0.0
1757460786.8472989,0.002,2.8265,-0.0014,0.0,-0.1636,0.0
1757460786.8948848,0.001,2.8265,-0.0023,0.0,-0.1636,0.0
1757460786.8986757,0.002,2.8264,-0.0003,0.0,-0.1636,0.0
1757460786.9447806,0.002,2.8265,-0.0034,0.0,-0.1636,0.0
1757460786.9924462,0.002,2.8266,0.0002,0.0,-0.1636,0.0
1757460786.9950168,0.002,2.8265,-0.0014,0.0,-0.1636,0.0
1757460787.0422225,0.002,2.8265,0.0009,0.0,-0.1636,0.0
1757460787.0899694,0.002,2.8266,0.0001,0.0,-0.1636,0.0
1757460787.0932674,0.002,2.8267,0.0001,0.0,-0.1636,0.0
1757460787.1397347,0.002,2.8266,-0.0026,0.0,-0.1636,0.0
1757460787.1874385,0.002,2.8266,0.0013,0.0,-0.1636,0.0
1757460787.1908996,0.002,2.8266,-0.0029,0.0,-0.1636,0.0
1757460787.2368717,0.002,2.8267,-0.0018,0.0,-0.1636,0.0
1757460787.2843416,0.002,2.8268,-0.0018,0.0,-0.1636,0.0
1757460787.2877798,0.002,2.8268,-0.0042,0.0,-0.1636,0.0
1757460787.3343365,0.002,2.8267,-0.0026,0.0,-0.1636,0.0
1757460787.381719,0.002,2.8268,-0.0046,0.0,-0.1636,0.0
1757460787.3859057,0.002,2.8268,-0.0003,0.0,-0.1636,0.0
1757460787.4323204,0.002,2.8268,0.0002,0.0,-0.1636,0.0
1757460787.479945,0.002,2.8268,-0.0022,0.0,-0.1636,0.0
1757460787.4824355,0.001,2.8268,-0.0009,0.0,-0.1636,0.0
1757460787.5296936,0.002,2.8268,0.0002,0.0,-0.1636,0.0
1757460787.5773108,0.002,2.8269,-0.0042,0.0,-0.1636,0.0
1757460787.5801055,0.002,2.8268,-0.0019,0.0,-0.1636,0.0
1757460787.6272457,0.002,2.8267,-0.0007,0.0,-0.1636,0.0
1757460787.6750398,0.002,2.8267,-0.0002,0.0,-0.1636,0.0
1757460787.6782756,0.002,2.8267,0.0001,0.0,-0.1636,0.0
1757460787.7248268,0.002,2.8268,-0.0029,0.0,-0.1636,0.0
1757460787.7725742,0.002,2.8268,-0.0009,0.0,-0.1636,0.0
1757460787.7760537,0.002,2.8268,-0.0029,0.0,-0.1636,0.0
1757460787.822287,0.002,2.8268,-0.0018,0.0,-0.1636,0.0
1757460787.8698552,0.002,2.8269,-0.0011,0.0,-0.1636,0.0
1757460787.872916,0.002,2.8269,-0.0029,0.0,-0.1636,0.0
1757460787.9197605,0.002,2.8269,-0.0023,0.0,-0.1636,0.0
1757460787.967338,0.002,2.8268,-0.0006,0.0,-0.1636,0.0
1757460787.9702046,0.002,2.8268,-0.0022,0.0,-0.1636,0.0
1757460788.0173652,0.002,2.8268,-0.0037,0.0,-0.1636,0.0
1757460788.0647283,0.002,2.8267,-0.0014,0.0,-0.1636,0.0
1757460788.0683599,0.002,2.8267,-0.0017,0.0,-0.1636,0.0
1757460788.114787,0.002,2.8267,-0.0021,0.0,-0.1636,0.0
1757460788.1624687,0.002,2.8268,-0.0009,0.0,-0.1636,0.0
1757460788.1659763,0.002,2.8268,0.0002,0.0,-0.1636,0.0
1757460788.2118492,0.002,2.8269,-0.0026,0.0,-0.1636,0.0
1757460788.259296,0.002,2.8268,-0.0014,0.0,-0.1636,0.0
1757460788.2624319,0.002,2.8268,-0.0015,0.0,-0.1636,0.0
1757460788.3093932,0.002,2.8268,-0.0005,0.0,-0.1636,0.0
1757460788.356913,0.002,2.8268,-0.0002,0.0,-0.1636,0.0
1757460788.3598359,0.002,2.8268,-0.0029,0.0,-0.1636,0.0
1757460788.4072835,0.002,2.8268,-0.0034,0.0,-0.1636,0.0
1757460788.4557247,0.002,2.8268,0.0009,0.0,-0.1636,0.0
1757460788.4585607,0.002,2.8267,-0.0006,0.0,-0.1636,0.0
1757460788.5051312,0.002,2.8267,-0.0023,0.0,-0.1636,0.0
1757460788.5524347,0.002,2.8268,-0.0019,0.0,-0.1636,0.0
1757460788.5559785,0.002,2.8269,-0.0003,0.0,-0.1636,0.0
1757460788.602274,0.001,2.8268,-0.0027,0.0,-0.1636,0.0
1757460788.6499405,0.002,2.8268,-0.0023,0.0,-0.1636,0.0
1757460788.6536796,0.002,2.8269,-0.0013,0.0,-0.1636,0.0
1757460788.7000818,0.002,2.8269,-0.001,0.0,-0.1636,0.0
1757460788.7473984,0.002,2.8269,-0.0015,0.0,-0.1636,0.0
1757460788.749978,0.002,2.8269,0.0007,0.0,-0.1636,0.0
1757460788.7972877,0.002,2.8269,-0.0023,0.0,-0.1636,0.0
1757460788.844997,0.002,2.8269,0.0014,0.0,-0.1636,0.0
1757460788.847747,0.002,2.8269,-0.001,0.0,-0.1636,0.0
1757460788.8949254,0.002,2.8269,-0.0027,0.0,-0.1636,0.0
1757460788.9426026,0.002,2.8269,-0.0038,0.0,-0.1636,0.0
1757460788.945622,0.002,2.8269,-0.0013,0.0,-0.1636,0.0
1757460788.992329,0.002,2.8269,-0.0002,0.0,-0.1636,0.0
1757460789.039637,0.002,2.8269,-0.0026,0.0,-0.1636,0.0
1757460789.0425694,0.002,2.8269,-0.001,0.0,-0.1636,0.0
1757460789.0895483,0.002,2.827,0.0006,0.0,-0.1636,0.0
1757460789.1373606,0.002,2.827,0.0015,0.0,-0.1636,0.0
1757460789.1410341,0.002,2.827,-0.0007,0.0,-0.1636,0.0
1757460789.1873055,0.002,2.8269,-0.0006,0.0,-0.1636,0.0
1757460789.2350152,0.002,2.8269,-0.0031,0.0,-0.1636,0.0
1757460789.2377717,0.002,2.8269,0.0007,0.0,-0.1636,0.0
1757460789.2848032,0.002,2.8269,0.0009,0.0,-0.1636,0.0
1757460789.3319237,0.002,2.8269,-0.0009,0.0,-0.1636,0.0
1757460789.335206,0.002,2.827,-0.0014,0.0,-0.1636,0.0
1757460789.3818521,0.002,2.8269,0.0001,0.0,-0.1636,0.0
1757460789.4297378,0.002,2.8269,0.0006,0.0,-0.1636,0.0
1757460789.4341872,0.002,2.8269,-0.0015,0.0,-0.1636,0.0
1757460789.4802852,0.002,2.8269,-0.0015,0.0,-0.1636,0.0
1757460789.5272138,0.002,2.8269,-0.0013,0.0,-0.1636,0.0
1757460789.530655,0.002,2.8269,-0.0011,0.0,-0.1636,0.0
1757460789.5769112,0.002,2.8269,-0.003,0.0,-0.1636,0.0
1757460789.6251802,0.002,2.8269,-0.0014,0.0,-0.1636,0.0
1757460789.6290667,0.002,2.827,0.0013,0.0,-0.1636,0.0
1757460789.6755512,0.002,2.827,-0.0021,0.0,-0.1636,0.0
1757460789.7223265,0.002,2.8271,0.0006,0.0,-0.1636,0.0
1757460789.7263122,0.002,2.8272,-0.0035,0.0,-0.1636,0.0
1757460789.772372,0.002,2.8272,-0.0011,0.0,-0.1636,0.0
1757460789.8198552,0.002,2.8271,-0.0006,0.0,-0.1636,0.0
1757460789.8228142,0.002,2.8271,0.0003,0.0,-0.1636,0.0
1757460789.8697977,0.002,2.827,-0.0005,0.0,-0.1636,0.0
1757460789.9174805,0.002,2.8271,-0.0033,0.0,-0.1636,0.0
1757460789.9203074,0.002,2.827,-0.0011,0.0,-0.1636,0.0
1757460789.9672968,0.002,2.827,-0.0045,0.0,-0.1636,0.0
1757460790.014917,0.002,2.827,0.001,0.0,-0.1636,0.0
1757460790.0181696,0.002,2.827,-0.0003,0.0,-0.1636,0.0
1757460790.064824,0.002,2.827,0.0009,0.0,-0.1636,0.0
1757460790.1123667,0.002,2.827,-0.0015,0.0,-0.1636,0.0
1757460790.1153579,0.002,2.827,-0.0026,0.0,-0.1636,0.0
1757460790.16228,0.002,2.8269,-0.003,0.0,-0.1636,0.0
1757460790.2097921,0.002,2.8269,-0.0018,0.0,-0.1636,0.0
1757460790.21369,0.002,2.8269,-0.0018,0.0,-0.1636,0.0
1757460790.259777,0.002,2.827,0.0005,0.0,-0.1636,0.0
1757460790.3069575,0.002,2.827,-0.0017,0.0,-0.1636,0.0
1757460790.3104498,0.002,2.827,0.0003,0.0,-0.1636,0.0
1757460790.3569317,0.002,2.8269,-0.0021,0.0,-0.1636,0.0
1757460790.4049551,0.002,2.8269,-0.0023,0.0,-0.1636,0.0
1757460790.4072785,0.002,2.8269,-0.0023,0.0,-0.1636,0.0
1757460790.4548507,0.002,2.8269,-0.0011,0.0,-0.1636,0.0
1757460790.5024564,0.002,2.8269,-0.0019,0.0,-0.1636,0.0
1757460790.505451,0.002,2.8269,-0.0002,0.0,-0.1636,0.0
1757460790.5523915,0.002,2.8269,-0.0033,0.0,-0.1636,0.0
1757460790.5999281,0.002,2.8268,-0.0014,0.0,-0.1636,0.0
1757460790.602813,0.002,2.8267,0.0007,0.0,-0.1636,0.0
1757460790.6493988,0.002,2.8267,0.0005,0.0,-0.1636,0.0
1757460790.6972544,0.002,2.8267,-0.0018,0.0,-0.1636,0.0
1757460790.699885,0.002,2.8267,-0.0031,0.0,-0.1636,0.0
1757460790.7473874,0.002,2.8267,-0.0029,0.0,-0.1636,0.0
